,Symbol,Time,Signal,Current Close,Open1,High1,Low1,Close1,Open2,High2,Low2,Close2,Open3,High3,Low3,Close3,Open4,High4,Low4,Close4
303,EURUSD,09-02-2010 00:00,Buy,1.28945,1.28903,1.29176,1.28636,1.28742,1.28749,1.2876100000000001,1.2673299999999998,1.26811,1.26804,1.2762799999999999,1.26577,1.2718399999999999,1.27209,1.27657,1.2661799999999999,1.2693299999999998
79,EURUSD,09-02-2010 00:00,Buy,1.28945,1.28903,1.29176,1.28636,1.28742,1.28749,1.2876100000000001,1.2673299999999998,1.26811,1.26804,1.2762799999999999,1.26577,1.2718399999999999,1.27209,1.27657,1.2661799999999999,1.2693299999999998
156,EURJPY,28-03-2010 00:00,Buy,124.65,124.65,125.46,124.175,124.41,124.405,126.555,124.39,126.235,126.235,127.55,125.955,127.485,127.47,127.91,126.86,127.735
157,EURJPY,04-06-2010 21:00,Sell,124.545,124.54,124.835,123.43,124.745,124.735,125.815,124.663,125.77,126.92,127.45,126.575,126.725,126.72,127.075,125.7,126.865
304,EURUSD,09-06-2010 21:00,Sell,1.26811,1.26804,1.2762799999999999,1.26577,1.2718399999999999,1.27209,1.27657,1.2661799999999999,1.2693299999999998,1.26942,1.27463,1.26425,1.26801,1.26748,1.2891700000000001,1.26748,1.2881200000000002
80,EURUSD,09-06-2010 21:00,Sell,1.26811,1.26804,1.2762799999999999,1.26577,1.2718399999999999,1.27209,1.27657,1.2661799999999999,1.2693299999999998,1.26942,1.27463,1.26425,1.26801,1.26748,1.2891700000000001,1.26748,1.2881200000000002
299,EURUSD,20-06-2010 00:00,Buy,1.23095,1.23094,1.235,1.22506,1.22694,1.22653,1.23438,1.22074,1.23084,1.23076,1.23872,1.22583,1.2332100000000001,1.23304,1.2393399999999999,1.22504,1.23671
225,EURUSD,20-06-2010 00:00,Buy,1.23095,1.23094,1.235,1.22506,1.22694,1.22653,1.23438,1.22074,1.23084,1.23076,1.23872,1.22583,1.23321,1.23304,1.23934,1.22504,1.23671
1,EURUSD,20-06-2010 00:00,Buy,1.23095,1.23094,1.235,1.22506,1.22694,1.22653,1.23438,1.22074,1.23084,1.23076,1.23872,1.22583,1.23321,1.23304,1.23934,1.22504,1.23671
75,EURUSD,20-06-2010 00:00,Buy,1.23095,1.23094,1.235,1.22506,1.22694,1.22653,1.23438,1.22074,1.23084,1.23076,1.23872,1.22583,1.2332100000000001,1.23304,1.2393399999999999,1.22504,1.23671
300,EURUSD,21-06-2010 21:00,Sell,1.22694,1.22653,1.23438,1.22074,1.23084,1.23076,1.23872,1.22583,1.2332100000000001,1.23304,1.2393399999999999,1.22504,1.23671,1.23714,1.23974,1.22631,1.2274100000000001
226,EURUSD,21-06-2010 21:00,Sell,1.22694,1.22653,1.23438,1.22074,1.23084,1.23076,1.23872,1.22583,1.23321,1.23304,1.23934,1.22504,1.23671,1.23714,1.23974,1.22631,1.22741
2,EURUSD,21-06-2010 21:00,Sell,1.22694,1.22653,1.23438,1.22074,1.23084,1.23076,1.23872,1.22583,1.23321,1.23304,1.23934,1.22504,1.23671,1.23714,1.23974,1.22631,1.22741
76,EURUSD,21-06-2010 21:00,Sell,1.22694,1.22653,1.23438,1.22074,1.23084,1.23076,1.23872,1.22583,1.2332100000000001,1.23304,1.2393399999999999,1.22504,1.23671,1.23714,1.23974,1.22631,1.2274100000000001
3,EURUSD,23-06-2010 00:00,Buy,1.23321,1.23304,1.23934,1.22504,1.23671,1.23714,1.23974,1.22631,1.22741,1.22754,1.22904,1.21485,1.21858,1.21822,1.23032,1.21634,1.22351
227,EURUSD,23-06-2010 00:00,Buy,1.23321,1.23304,1.23934,1.22504,1.23671,1.23714,1.23974,1.22631,1.22741,1.22754,1.22904,1.21485,1.21858,1.21822,1.23032,1.21634,1.22351
77,EURUSD,23-06-2010 00:00,Buy,1.2332100000000001,1.23304,1.2393399999999999,1.22504,1.23671,1.23714,1.23974,1.22631,1.2274100000000001,1.2275399999999999,1.22904,1.21485,1.21858,1.21822,1.23032,1.21634,1.22351
301,EURUSD,23-06-2010 00:00,Buy,1.2332100000000001,1.23304,1.2393399999999999,1.22504,1.23671,1.23714,1.23974,1.22631,1.2274100000000001,1.2275399999999999,1.22904,1.21485,1.21858,1.21822,1.23032,1.21634,1.22351
158,EURJPY,13-07-2010 00:00,Buy,112.62,112.625,113.38,111.82,113.145,113.14,113.35,111.53,111.92,111.65,113.06,111.44,112.18,112.18,113.345,111.45,112.69
159,EURJPY,14-07-2010 21:00,Sell,113.145,113.14,113.35,111.53,111.92,111.65,113.06,111.44,112.18,112.18,113.345,111.45,112.69,112.69,112.83,110.77,111.015
4,EURUSD,10-08-2010 21:00,Sell,1.28605,1.28629,1.29315,1.2780200000000002,1.28254,1.28271,1.29056,1.2745799999999998,1.27495,1.2755,1.28699,1.27318,1.28243,1.28215,1.29155,1.28019,1.28831
228,EURUSD,10-08-2010 21:00,Sell,1.28605,1.28629,1.29315,1.2780200000000002,1.28254,1.28271,1.29056,1.2745799999999998,1.27495,1.2755,1.28699,1.27318,1.28243,1.28215,1.29155,1.28019,1.28831
229,EURUSD,02-09-2010 00:00,Buy,1.28945,1.28903,1.29176,1.28636,1.28742,1.28749,1.28761,1.2673299999999998,1.26811,1.26804,1.27628,1.26577,1.27184,1.27209,1.27657,1.26618,1.2693299999999998
5,EURUSD,02-09-2010 00:00,Buy,1.28945,1.28903,1.29176,1.28636,1.28742,1.28749,1.28761,1.2673299999999998,1.26811,1.26804,1.27628,1.26577,1.27184,1.27209,1.27657,1.26618,1.2693299999999998
230,EURUSD,06-09-2010 21:00,Sell,1.26811,1.26804,1.27628,1.26577,1.27184,1.27209,1.27657,1.26618,1.2693299999999998,1.26942,1.27463,1.26425,1.26801,1.26748,1.28917,1.26748,1.2881200000000002
6,EURUSD,06-09-2010 21:00,Sell,1.26811,1.26804,1.27628,1.26577,1.27184,1.27209,1.27657,1.26618,1.2693299999999998,1.26942,1.27463,1.26425,1.26801,1.26748,1.28917,1.26748,1.2881200000000002
82,EURUSD,11-09-2010 22:00,Sell,1.37814,1.3781299999999999,1.38205,1.3634,1.36656,1.3664399999999999,1.3775899999999999,1.35714,1.36895,1.37046,1.3749799999999999,1.3563100000000001,1.35858,1.3586200000000002,1.3654700000000002,1.34467,1.34885
306,EURUSD,11-09-2010 22:00,Sell,1.37814,1.3781299999999999,1.38205,1.3634,1.36656,1.3664399999999999,1.3775899999999999,1.35714,1.36895,1.37046,1.3749799999999999,1.3563100000000001,1.35858,1.3586200000000002,1.3654700000000002,1.34467,1.34885
305,EURUSD,13-09-2010 00:00,Buy,1.2996,1.2996,1.30369,1.2951700000000002,1.30094,1.30081,1.31149,1.2972700000000001,1.3076299999999998,1.30772,1.31587,1.3018100000000001,1.30474,1.3055,1.31203,1.30313,1.3060100000000001
231,EURUSD,13-09-2010 00:00,Buy,1.2996,1.2996,1.30369,1.2951700000000002,1.30094,1.30081,1.31149,1.29727,1.3076299999999998,1.30772,1.31587,1.30181,1.30474,1.3055,1.31203,1.30313,1.30601
7,EURUSD,13-09-2010 00:00,Buy,1.2996,1.2996,1.30369,1.2951700000000002,1.30094,1.30081,1.31149,1.29727,1.3076299999999998,1.30772,1.31587,1.30181,1.30474,1.3055,1.31203,1.30313,1.30601
81,EURUSD,13-09-2010 00:00,Buy,1.2996,1.2996,1.30369,1.2951700000000002,1.30094,1.30081,1.31149,1.2972700000000001,1.3076299999999998,1.30772,1.31587,1.3018100000000001,1.30474,1.3055,1.31203,1.30313,1.3060100000000001
160,EURJPY,14-09-2010 00:00,Buy,111.55,111.55,112.39,110.645,112.165,112.165,112.975,111.595,112.025,111.956,112.35,111.695,111.915,111.915,112.925,111.465,112.855
78,EURUSD,08-10-2010 21:00,Sell,1.28605,1.28629,1.29315,1.2780200000000002,1.28254,1.28271,1.29056,1.2745799999999998,1.27495,1.2755,1.2869899999999999,1.27318,1.28243,1.28215,1.29155,1.28019,1.28831
302,EURUSD,08-10-2010 21:00,Sell,1.28605,1.28629,1.29315,1.2780200000000002,1.28254,1.28271,1.29056,1.2745799999999998,1.27495,1.2755,1.2869899999999999,1.27318,1.28243,1.28215,1.29155,1.28019,1.28831
161,EURJPY,17-10-2010 21:00,Sell,113.225,113.225,113.655,111.81,111.975,111.975,113.37,111.56,113.225,113.215,113.925,112.805,113.205,113.205,113.545,112.59,113.525
8,EURUSD,09-11-2010 22:00,Sell,1.37814,1.37813,1.38205,1.3634,1.36656,1.36644,1.37759,1.35714,1.36895,1.37046,1.37498,1.35631,1.35858,1.3586200000000002,1.3654700000000002,1.34467,1.34885
232,EURUSD,09-11-2010 22:00,Sell,1.37814,1.37813,1.38205,1.3634,1.36656,1.36644,1.37759,1.35714,1.36895,1.37046,1.37498,1.35631,1.35858,1.3586200000000002,1.3654700000000002,1.34467,1.34885
233,EURUSD,21-11-2010 00:00,Buy,1.36254,1.36244,1.36326,1.33614,1.33671,1.33661,1.34209,1.32839,1.3333700000000002,1.33332,1.3387,1.32864,1.3358,1.33579,1.33611,1.32001,1.32395
307,EURUSD,21-11-2010 00:00,Buy,1.3625399999999999,1.3624399999999999,1.3632600000000001,1.3361399999999999,1.33671,1.33661,1.34209,1.32839,1.3333700000000002,1.33332,1.3387,1.32864,1.3358,1.33579,1.3361100000000001,1.3200100000000001,1.32395
9,EURUSD,21-11-2010 00:00,Buy,1.36254,1.36244,1.36326,1.33614,1.33671,1.33661,1.34209,1.32839,1.3333700000000002,1.33332,1.3387,1.32864,1.3358,1.33579,1.33611,1.32001,1.32395
83,EURUSD,21-11-2010 00:00,Buy,1.3625399999999999,1.3624399999999999,1.3632600000000001,1.3361399999999999,1.33671,1.33661,1.34209,1.32839,1.3333700000000002,1.33332,1.3387,1.32864,1.3358,1.33579,1.3361100000000001,1.3200100000000001,1.32395
308,EURUSD,22-11-2010 22:00,Sell,1.33671,1.33661,1.34209,1.32839,1.3333700000000002,1.33332,1.3387,1.32864,1.3358,1.33579,1.3361100000000001,1.3200100000000001,1.32395,1.32792,1.32999,1.3063799999999999,1.3124799999999999
84,EURUSD,22-11-2010 22:00,Sell,1.33671,1.33661,1.34209,1.32839,1.3333700000000002,1.33332,1.3387,1.32864,1.3358,1.33579,1.3361100000000001,1.3200100000000001,1.32395,1.32792,1.32999,1.3063799999999999,1.3124799999999999
234,EURUSD,22-11-2010 22:00,Sell,1.33671,1.33661,1.34209,1.32839,1.3333700000000002,1.33332,1.3387,1.32864,1.3358,1.33579,1.33611,1.32001,1.32395,1.32792,1.32999,1.30638,1.31248
10,EURUSD,22-11-2010 22:00,Sell,1.33671,1.33661,1.34209,1.32839,1.3333700000000002,1.33332,1.3387,1.32864,1.3358,1.33579,1.33611,1.32001,1.32395,1.32792,1.32999,1.30638,1.31248
235,EURUSD,12-12-2010 00:00,Buy,1.339,1.33883,1.34979,1.33627,1.33774,1.3377,1.33809,1.3207799999999998,1.32125,1.3212700000000002,1.32655,1.31809,1.32431,1.32409,1.33581,1.31329,1.31864
11,EURUSD,12-12-2010 00:00,Buy,1.339,1.33883,1.34979,1.33627,1.33774,1.3377,1.33809,1.3207799999999998,1.32125,1.3212700000000002,1.32655,1.31809,1.32431,1.32409,1.33581,1.31329,1.31864
309,EURUSD,12-12-2010 00:00,Buy,1.339,1.33883,1.34979,1.33627,1.33774,1.3377,1.33809,1.3207799999999998,1.32125,1.3212700000000002,1.32655,1.31809,1.32431,1.32409,1.33581,1.31329,1.31864
85,EURUSD,12-12-2010 00:00,Buy,1.339,1.33883,1.34979,1.33627,1.33774,1.3377,1.33809,1.3207799999999998,1.32125,1.3212700000000002,1.32655,1.31809,1.32431,1.32409,1.33581,1.31329,1.31864
163,EURJPY,02-03-2011 22:00,Sell,111.604,111.398,112.18299999999999,111.23100000000001,111.81200000000001,111.80799999999999,112.301,111.59100000000001,112.23,112.22200000000001,113.199,112.054,113.086,113.086,113.40100000000001,112.60799999999999,113.194
165,EURJPY,08-03-2011 00:00,Buy,111.13799999999999,111.13799999999999,112.29899999999999,110.344,111.994,112.63,112.677,109.715,110.22200000000001,110.211,110.759,109.088,110.61,110.60600000000001,111.242,108.3,108.947
86,EURUSD,05-04-2011 21:00,Sell,1.45379,1.4537799999999999,1.4587299999999999,1.43109,1.43146,1.43555,1.44408,1.42557,1.43648,1.43648,1.4412,1.42703,1.44087,1.44085,1.4422700000000002,1.41723,1.41914
310,EURUSD,05-04-2011 21:00,Sell,1.45379,1.4537799999999999,1.4587299999999999,1.43109,1.43146,1.43555,1.44408,1.42557,1.43648,1.43648,1.4412,1.42703,1.44087,1.44085,1.4422700000000002,1.41723,1.41914
164,EURJPY,17-04-2011 21:00,Sell,117.60600000000001,117.60600000000001,118.421,117.08,118.37200000000001,118.354,120.384,118.26100000000001,119.874,119.868,120.262,118.62299999999999,119.089,119.089,119.711,118.81200000000001,119.19200000000001
236,EURUSD,04-05-2011 21:00,Sell,1.45379,1.45378,1.45873,1.43109,1.43146,1.43555,1.44408,1.42557,1.43648,1.43648,1.4412,1.42703,1.44087,1.44085,1.4422700000000002,1.41723,1.41914
12,EURUSD,04-05-2011 21:00,Sell,1.45379,1.45378,1.45873,1.43109,1.43146,1.43555,1.44408,1.42557,1.43648,1.43648,1.4412,1.42703,1.44087,1.44085,1.4422700000000002,1.41723,1.41914
311,EURUSD,30-05-2011 00:00,Buy,1.43954,1.4395200000000001,1.44584,1.43208,1.43272,1.43274,1.45119,1.43077,1.44888,1.4489,1.46423,1.4454799999999999,1.46348,1.46068,1.46576,1.45573,1.45749
87,EURUSD,30-05-2011 00:00,Buy,1.43954,1.4395200000000001,1.44584,1.43208,1.43272,1.43274,1.45119,1.43077,1.44888,1.4489,1.46423,1.4454799999999999,1.46348,1.46068,1.46576,1.45573,1.45749
237,EURUSD,30-05-2011 00:00,Buy,1.43954,1.43952,1.44584,1.43208,1.43272,1.43274,1.45119,1.43077,1.44888,1.4489,1.46423,1.44548,1.46348,1.46068,1.46576,1.45573,1.45749
13,EURUSD,30-05-2011 00:00,Buy,1.43954,1.43952,1.44584,1.43208,1.43272,1.43274,1.45119,1.43077,1.44888,1.4489,1.46423,1.44548,1.46348,1.46068,1.46576,1.45573,1.45749
238,EURUSD,09-06-2011 21:00,Sell,1.43468,1.43246,1.44299,1.43201,1.4412,1.44114,1.44971,1.4378,1.44397,1.44395,1.44509,1.4156,1.41776,1.41775,1.42185,1.40731,1.42077
14,EURUSD,09-06-2011 21:00,Sell,1.43468,1.43246,1.44299,1.43201,1.4412,1.44114,1.44971,1.4378,1.44397,1.44395,1.44509,1.4156,1.41776,1.41775,1.42185,1.40731,1.42077
166,EURJPY,08-07-2011 21:00,Sell,110.22200000000001,110.211,110.759,109.088,110.61,110.60600000000001,111.242,108.3,108.947,108.947,109.884,108.02,109.399,109.38600000000001,109.603,108.52,109.258
88,EURUSD,06-09-2011 21:00,Sell,1.43468,1.43246,1.44299,1.43201,1.4412,1.4411399999999999,1.44971,1.4378,1.44397,1.44395,1.44509,1.4156,1.4177600000000001,1.41775,1.42185,1.40731,1.42077
312,EURUSD,06-09-2011 21:00,Sell,1.43468,1.43246,1.44299,1.43201,1.4412,1.4411399999999999,1.44971,1.4378,1.44397,1.44395,1.44509,1.4156,1.4177600000000001,1.41775,1.42185,1.40731,1.42077
239,EURUSD,11-10-2011 00:00,Buy,1.37907,1.37907,1.38255,1.36849,1.37765,1.37765,1.38935,1.37231,1.38808,1.38632,1.39139,1.37254,1.37371,1.37371,1.38156,1.3652799999999998,1.37513
15,EURUSD,11-10-2011 00:00,Buy,1.37907,1.37907,1.38255,1.36849,1.37765,1.37765,1.38935,1.37231,1.38808,1.38632,1.39139,1.37254,1.37371,1.37371,1.38156,1.3652799999999998,1.37513
167,EURJPY,10-11-2011 00:00,Buy,106.536,106.523,106.566,105.124,105.932,105.927,107.44200000000001,105.587,107.149,106.852,107.67399999999999,105.35700000000001,105.54,105.54700000000001,106.2,104.77,105.634
89,EURUSD,10-11-2011 00:00,Buy,1.37907,1.37907,1.38255,1.36849,1.37765,1.37765,1.38935,1.3723100000000001,1.38808,1.38632,1.39139,1.3725399999999999,1.37371,1.37371,1.3815600000000001,1.3652799999999998,1.37513
313,EURUSD,10-11-2011 00:00,Buy,1.37907,1.37907,1.38255,1.36849,1.37765,1.37765,1.38935,1.3723100000000001,1.38808,1.38632,1.39139,1.3725399999999999,1.37371,1.37371,1.3815600000000001,1.3652799999999998,1.37513
168,EURJPY,14-11-2011 22:00,Sell,104.286,104.302,104.381,103.404,103.73700000000001,103.735,104.163,103.404,103.61399999999999,103.61399999999999,104.288,103.51100000000001,103.96600000000001,103.83200000000001,104.215,103.225,103.70100000000001
162,EURJPY,01-12-2011 00:00,Buy,110.656,110.65700000000001,110.984,110.068,110.917,110.765,110.948,109.56700000000001,109.898,109.883,111.15100000000001,109.58200000000001,110.505,110.505,111.054,110.322,110.49
169,EURJPY,18-01-2012 00:00,Buy,99.99,99.98700000000001,100.33,99.419,99.566,99.072,100.486,99.072,100.24600000000001,100.24799999999999,101.291,100.021,101.24600000000001,101.24600000000001,101.954,100.97,101.931
90,EURUSD,18-01-2012 00:00,Buy,1.29681,1.29675,1.29855,1.28894,1.29308,1.2876100000000001,1.30523,1.28758,1.30122,1.30132,1.30592,1.2953,1.3035299999999999,1.30355,1.31202,1.2930700000000002,1.31057
16,EURUSD,18-01-2012 00:00,Buy,1.29681,1.29675,1.29855,1.28894,1.29308,1.28761,1.30523,1.28758,1.30122,1.30132,1.30592,1.2953,1.30353,1.30355,1.31202,1.2930700000000002,1.31057
240,EURUSD,18-01-2012 00:00,Buy,1.29681,1.29675,1.29855,1.28894,1.29308,1.28761,1.30523,1.28758,1.30122,1.30132,1.30592,1.2953,1.30353,1.30355,1.31202,1.2930700000000002,1.31057
314,EURUSD,18-01-2012 00:00,Buy,1.29681,1.29675,1.29855,1.28894,1.29308,1.2876100000000001,1.30523,1.28758,1.30122,1.30132,1.30592,1.2953,1.3035299999999999,1.30355,1.31202,1.2930700000000002,1.31057
170,EURJPY,29-01-2012 22:00,Sell,100.34200000000001,100.34100000000001,100.87899999999999,99.535,99.78,99.78,100.693,99.24,100.26899999999999,100.27,100.455,99.619,100.182,100.182,100.87899999999999,99.92299999999999,100.78200000000001
241,EURUSD,14-02-2012 22:00,Sell,1.30652,1.30653,1.31551,1.29751,1.31298,1.31299,1.31967,1.31149,1.31425,1.31795,1.32766,1.31733,1.32416,1.3242,1.32926,1.3187,1.32329
91,EURUSD,14-02-2012 22:00,Sell,1.3065200000000001,1.30653,1.31551,1.29751,1.31298,1.3129899999999999,1.3196700000000001,1.31149,1.31425,1.31795,1.32766,1.31733,1.32416,1.3242,1.32926,1.3187,1.3232899999999999
315,EURUSD,14-02-2012 22:00,Sell,1.3065200000000001,1.30653,1.31551,1.29751,1.31298,1.3129899999999999,1.3196700000000001,1.31149,1.31425,1.31795,1.32766,1.31733,1.32416,1.3242,1.32926,1.3187,1.3232899999999999
17,EURUSD,14-02-2012 22:00,Sell,1.30652,1.30653,1.31551,1.29751,1.31298,1.31299,1.31967,1.31149,1.31425,1.31795,1.32766,1.31733,1.32416,1.3242,1.32926,1.3187,1.32329
95,EURUSD,07-03-2012 21:00,Sell,1.25261,1.25264,1.25381,1.23638,1.23904,1.23905,1.2400799999999998,1.22596,1.2285,1.22584,1.23227,1.22558,1.23119,1.23114,1.23336,1.2235,1.22491
319,EURUSD,07-03-2012 21:00,Sell,1.25261,1.25264,1.25381,1.23638,1.23904,1.23905,1.2400799999999998,1.22596,1.2285,1.22584,1.23227,1.22558,1.23119,1.23114,1.23336,1.2235,1.22491
171,EURJPY,04-04-2012 21:00,Sell,107.572,107.58200000000001,107.83,106.546,106.76100000000001,106.76299999999999,107.241,106.11,106.785,106.78299999999999,107.47200000000001,105.47,105.522,105.522,106.686,105.447,105.985
172,EURJPY,19-04-2012 00:00,Buy,107.76799999999999,107.45,107.79899999999999,106.31700000000001,106.789,106.796,107.39299999999999,106.305,107.311,107.30799999999999,107.65299999999999,107.119,107.506,107.49799999999999,107.647,106.48,107.052
173,EURJPY,22-04-2012 21:00,Sell,106.789,106.796,107.39299999999999,106.305,107.311,107.30799999999999,107.65299999999999,107.119,107.506,107.49799999999999,107.647,106.48,107.052,107.055,107.471,106.156,106.376
177,EURJPY,11-06-2012 22:00,Sell,102.152,102.148,102.18700000000001,101.023,101.28399999999999,101.286,101.74,100.421,101.009,101.035,101.28399999999999,100.867,101.01899999999999,101.01799999999999,101.244,100.322,100.83
316,EURUSD,17-06-2012 00:00,Buy,1.2576,1.2576,1.27302,1.2568700000000002,1.2684600000000001,1.26844,1.2740799999999999,1.26383,1.27068,1.2705899999999999,1.27071,1.2531299999999999,1.25396,1.25397,1.2583,1.2518799999999999,1.2566899999999999
18,EURUSD,17-06-2012 00:00,Buy,1.2576,1.2576,1.27302,1.2568700000000002,1.26846,1.26844,1.27408,1.26383,1.27068,1.27059,1.27071,1.25313,1.25396,1.25397,1.2583,1.25188,1.25669
92,EURUSD,17-06-2012 00:00,Buy,1.2576,1.2576,1.27302,1.2568700000000002,1.2684600000000001,1.26844,1.2740799999999999,1.26383,1.27068,1.2705899999999999,1.27071,1.2531299999999999,1.25396,1.25397,1.2583,1.2518799999999999,1.2566899999999999
242,EURUSD,17-06-2012 00:00,Buy,1.2576,1.2576,1.27302,1.2568700000000002,1.26846,1.26844,1.27408,1.26383,1.27068,1.27059,1.27071,1.25313,1.25396,1.25397,1.2583,1.25188,1.25669
174,EURJPY,19-06-2012 00:00,Buy,101.05,101.051,101.62200000000001,100.51,100.67200000000001,100.67200000000001,101.226,100.374,101.07,100.89200000000001,101.10600000000001,99.15700000000001,99.601,99.603,99.881,98.744,99.319
243,EURUSD,20-06-2012 21:00,Sell,1.25396,1.25397,1.2583,1.25188,1.25669,1.25432,1.25577,1.24709,1.2503,1.2503,1.253,1.24416,1.2492,1.2492299999999998,1.25079,1.2445,1.24688
317,EURUSD,20-06-2012 21:00,Sell,1.25396,1.25397,1.2583,1.2518799999999999,1.2566899999999999,1.25432,1.25577,1.24709,1.2503,1.2503,1.253,1.24416,1.2492,1.2492299999999998,1.25079,1.2445,1.24688
93,EURUSD,20-06-2012 21:00,Sell,1.25396,1.25397,1.2583,1.2518799999999999,1.2566899999999999,1.25432,1.25577,1.24709,1.2503,1.2503,1.253,1.24416,1.2492,1.2492299999999998,1.25079,1.2445,1.24688
19,EURUSD,20-06-2012 21:00,Sell,1.25396,1.25397,1.2583,1.25188,1.25669,1.25432,1.25577,1.24709,1.2503,1.2503,1.253,1.24416,1.2492,1.2492299999999998,1.25079,1.2445,1.24688
175,EURJPY,24-06-2012 21:00,Sell,99.601,99.603,99.881,98.744,99.319,99.316,99.61,99.068,99.37899999999999,99.37899999999999,99.469,98.325,98.855,98.855,101.39,98.52799999999999,101.065
94,EURUSD,28-06-2012 00:00,Buy,1.26627,1.2675,1.26777,1.25679,1.25748,1.2575,1.2626899999999999,1.25586,1.2606700000000002,1.2606700000000002,1.26073,1.25082,1.25261,1.25264,1.25381,1.23638,1.23904
318,EURUSD,28-06-2012 00:00,Buy,1.26627,1.2675,1.26777,1.25679,1.25748,1.2575,1.2626899999999999,1.25586,1.2606700000000002,1.2606700000000002,1.26073,1.25082,1.25261,1.25264,1.25381,1.23638,1.23904
244,EURUSD,28-06-2012 00:00,Buy,1.26627,1.2675,1.26777,1.25679,1.25748,1.2575,1.26269,1.25586,1.2606700000000002,1.2606700000000002,1.26073,1.25082,1.25261,1.25264,1.25381,1.23638,1.23904
20,EURUSD,28-06-2012 00:00,Buy,1.26627,1.2675,1.26777,1.25679,1.25748,1.2575,1.26269,1.25586,1.2606700000000002,1.2606700000000002,1.26073,1.25082,1.25261,1.25264,1.25381,1.23638,1.23904
176,EURJPY,28-06-2012 00:00,Buy,101.065,101.23100000000001,101.28399999999999,99.757,99.992,99.992,100.83,99.88600000000001,100.60700000000001,100.60700000000001,100.661,99.792,100.038,100.038,100.336,98.787,99.012
245,EURUSD,03-07-2012 21:00,Sell,1.25261,1.25264,1.25381,1.23638,1.23904,1.23905,1.2400799999999998,1.22596,1.2285,1.22584,1.23227,1.22558,1.23119,1.23114,1.23336,1.2235,1.22491
21,EURUSD,03-07-2012 21:00,Sell,1.25261,1.25264,1.25381,1.23638,1.23904,1.23905,1.2400799999999998,1.22596,1.2285,1.22584,1.23227,1.22558,1.23119,1.23114,1.23336,1.2235,1.22491
96,EURUSD,26-07-2012 00:00,Buy,1.2318200000000001,1.22946,1.23102,1.22246,1.226,1.226,1.23291,1.2248,1.23024,1.23033,1.2336200000000002,1.2218,1.22242,1.22243,1.23888,1.21339,1.21794
246,EURUSD,26-07-2012 00:00,Buy,1.23182,1.22946,1.23102,1.22246,1.226,1.226,1.23291,1.2248,1.23024,1.23033,1.2336200000000002,1.2218,1.22242,1.22243,1.23888,1.21339,1.21794
22,EURUSD,26-07-2012 00:00,Buy,1.23182,1.22946,1.23102,1.22246,1.226,1.226,1.23291,1.2248,1.23024,1.23033,1.2336200000000002,1.2218,1.22242,1.22243,1.23888,1.21339,1.21794
320,EURUSD,26-07-2012 00:00,Buy,1.2318200000000001,1.22946,1.23102,1.22246,1.226,1.226,1.23291,1.2248,1.23024,1.23033,1.2336200000000002,1.2218,1.22242,1.22243,1.23888,1.21339,1.21794
23,EURUSD,31-07-2012 21:00,Sell,1.22242,1.22243,1.23888,1.21339,1.21794,1.21794,1.23919,1.21664,1.23852,1.23925,1.24429,1.23413,1.23993,1.23997,1.24417,1.23757,1.2398
247,EURUSD,31-07-2012 21:00,Sell,1.22242,1.22243,1.23888,1.21339,1.21794,1.21794,1.23919,1.21664,1.23852,1.23925,1.24429,1.23413,1.23993,1.23997,1.24417,1.23757,1.2398
321,EURUSD,31-07-2012 21:00,Sell,1.22242,1.22243,1.23888,1.21339,1.21794,1.21794,1.23919,1.21664,1.23852,1.23925,1.24429,1.23413,1.23993,1.23997,1.24417,1.23757,1.2398
97,EURUSD,31-07-2012 21:00,Sell,1.22242,1.22243,1.23888,1.21339,1.21794,1.21794,1.23919,1.21664,1.23852,1.23925,1.24429,1.23413,1.23993,1.23997,1.24417,1.23757,1.2398
178,EURJPY,14-11-2012 00:00,Buy,103.74600000000001,103.74700000000001,103.887,103.04,103.587,103.71600000000001,104.323,103.51,104.307,104.31,104.764,103.667,104.679,104.682,105.883,104.09299999999999,105.86399999999999
322,EURUSD,19-02-2013 22:00,Sell,1.328,1.328,1.32891,1.31606,1.31887,1.3188799999999998,1.3244200000000002,1.3145,1.31902,1.32154,1.33171,1.30471,1.30617,1.30619,1.31187,1.3018,1.30606
98,EURUSD,19-02-2013 22:00,Sell,1.328,1.328,1.32891,1.31606,1.31887,1.3188799999999998,1.3244200000000002,1.3145,1.31902,1.32154,1.33171,1.30471,1.30617,1.30619,1.31187,1.3018,1.30606
24,EURUSD,19-02-2013 22:00,Sell,1.328,1.328,1.32891,1.31606,1.31887,1.3188799999999998,1.3244200000000002,1.3145,1.31902,1.32154,1.33171,1.30471,1.30617,1.30619,1.31187,1.3018,1.30606
248,EURUSD,19-02-2013 22:00,Sell,1.328,1.328,1.32891,1.31606,1.31887,1.3188799999999998,1.3244200000000002,1.3145,1.31902,1.32154,1.33171,1.30471,1.30617,1.30619,1.31187,1.3018,1.30606
179,EURJPY,20-02-2013 22:00,Sell,122.804,122.80799999999999,123.76899999999999,122.527,123.189,124.911,125.212,118.735,119.913,119.9,121.35700000000001,118.97399999999999,120.12,120.12,121.45200000000001,119.208,121.18
182,EURJPY,04-03-2013 00:00,Buy,124.601,124.605,127.28200000000001,123.86200000000001,126.71,127.374,129.266,127.363,129.247,129.249,130.088,128.43,129.535,129.534,130.53,129.403,130.398
181,EURJPY,17-03-2013 21:00,Sell,123.33200000000001,123.33200000000001,124.12100000000001,121.82600000000001,122.58200000000001,122.58200000000001,124.49600000000001,122.027,124.167,124.167,124.37,122.03,122.39299999999999,122.39299999999999,123.456,121.45,122.726
99,EURUSD,04-04-2013 00:00,Buy,1.2994299999999999,1.29732,1.30365,1.29685,1.30082,1.30081,1.31025,1.30056,1.3082200000000002,1.3082200000000002,1.31217,1.30523,1.3069899999999999,1.30698,1.3138,1.30436,1.31008
25,EURUSD,04-04-2013 00:00,Buy,1.29943,1.29732,1.30365,1.29685,1.30082,1.30081,1.31025,1.30056,1.3082200000000002,1.3082200000000002,1.31217,1.30523,1.30699,1.30698,1.3138,1.30436,1.31008
249,EURUSD,04-04-2013 00:00,Buy,1.29943,1.29732,1.30365,1.29685,1.30082,1.30081,1.31025,1.30056,1.3082200000000002,1.3082200000000002,1.31217,1.30523,1.30699,1.30698,1.3138,1.30436,1.31008
323,EURUSD,04-04-2013 00:00,Buy,1.2994299999999999,1.29732,1.30365,1.29685,1.30082,1.30081,1.31025,1.30056,1.3082200000000002,1.3082200000000002,1.31217,1.30523,1.3069899999999999,1.30698,1.3138,1.30436,1.31008
183,EURJPY,25-04-2013 21:00,Sell,127.67,127.796,128.589,127.05,128.029,128.016,128.512,127.2,128.255,128.293,128.924,127.848,128.338,128.338,129.904,127.50200000000001,127.932
26,EURUSD,09-05-2013 21:00,Sell,1.29899,1.29724,1.2997,1.29415,1.29747,1.29748,1.30289,1.29181,1.29189,1.29187,1.29424,1.2843,1.28862,1.28862,1.2929700000000002,1.28463,1.2881200000000002
250,EURUSD,09-05-2013 21:00,Sell,1.29899,1.29724,1.2997,1.29415,1.29747,1.29748,1.30289,1.29181,1.29189,1.29187,1.29424,1.2843,1.28862,1.28862,1.2929700000000002,1.28463,1.2881200000000002
180,EURJPY,03-06-2013 00:00,Buy,124.26299999999999,124.26700000000001,125.96,123.79799999999999,124.821,124.645,125.65799999999999,124.63,125.58200000000001,125.58200000000001,126.03,124.382,125.22,125.22,125.225,124.175,124.54899999999999
27,EURUSD,23-06-2013 21:00,Sell,1.3119299999999998,1.31198,1.31506,1.3065,1.3081200000000002,1.30806,1.3087,1.29849,1.30119,1.30119,1.30546,1.3,1.30385,1.30382,1.31029,1.29913,1.30096
101,EURUSD,23-06-2013 21:00,Sell,1.3119299999999998,1.31198,1.3150600000000001,1.3065,1.3081200000000002,1.30806,1.3087,1.29849,1.30119,1.30119,1.30546,1.3,1.30385,1.30382,1.31029,1.29913,1.3009600000000001
251,EURUSD,23-06-2013 21:00,Sell,1.3119299999999998,1.31198,1.31506,1.3065,1.3081200000000002,1.30806,1.3087,1.29849,1.30119,1.30119,1.30546,1.3,1.30385,1.30382,1.31029,1.29913,1.30096
325,EURUSD,23-06-2013 21:00,Sell,1.3119299999999998,1.31198,1.3150600000000001,1.3065,1.3081200000000002,1.30806,1.3087,1.29849,1.30119,1.30119,1.30546,1.3,1.30385,1.30382,1.31029,1.29913,1.3009600000000001
28,EURUSD,10-07-2013 00:00,Buy,1.30964,1.30968,1.31001,1.2999,1.30679,1.3076299999999998,1.308,1.2993,1.30617,1.30617,1.31745,1.30528,1.31621,1.3162,1.31768,1.30829,1.31248
252,EURUSD,10-07-2013 00:00,Buy,1.30964,1.30968,1.31001,1.2999,1.30679,1.3076299999999998,1.308,1.2993,1.30617,1.30617,1.31745,1.30528,1.31621,1.3162,1.31768,1.30829,1.31248
103,EURUSD,28-08-2013 21:00,Sell,1.32407,1.32409,1.32548,1.31734,1.32208,1.32108,1.3227,1.31836,1.3190600000000001,1.3190600000000001,1.31968,1.31385,1.31701,1.31705,1.3217700000000001,1.3157,1.3206799999999999
327,EURUSD,28-08-2013 21:00,Sell,1.32407,1.32409,1.32548,1.31734,1.32208,1.32108,1.3227,1.31836,1.3190600000000001,1.3190600000000001,1.31968,1.31385,1.31701,1.31705,1.3217700000000001,1.3157,1.3206799999999999
253,EURUSD,28-08-2013 21:00,Sell,1.32407,1.32409,1.32548,1.31734,1.32208,1.32108,1.3227,1.31836,1.31906,1.31906,1.31968,1.31385,1.31701,1.31705,1.32177,1.3157,1.32068
29,EURUSD,28-08-2013 21:00,Sell,1.32407,1.32409,1.32548,1.31734,1.32208,1.32108,1.3227,1.31836,1.31906,1.31906,1.31968,1.31385,1.31701,1.31705,1.32177,1.3157,1.32068
324,EURUSD,05-09-2013 21:00,Sell,1.2989899999999999,1.29724,1.2997,1.29415,1.2974700000000001,1.29748,1.3028899999999999,1.2918100000000001,1.29189,1.29187,1.29424,1.2843,1.28862,1.28862,1.2929700000000002,1.28463,1.2881200000000002
100,EURUSD,05-09-2013 21:00,Sell,1.2989899999999999,1.29724,1.2997,1.29415,1.2974700000000001,1.29748,1.3028899999999999,1.2918100000000001,1.29189,1.29187,1.29424,1.2843,1.28862,1.28862,1.2929700000000002,1.28463,1.2881200000000002
254,EURUSD,10-09-2013 00:00,Buy,1.33103,1.33095,1.33244,1.32552,1.3299,1.3299,1.3321,1.32538,1.3293,1.33528,1.33854,1.33301,1.33335,1.33335,1.33692,1.33248,1.33578
30,EURUSD,10-09-2013 00:00,Buy,1.33103,1.33095,1.33244,1.32552,1.3299,1.3299,1.3321,1.32538,1.3293,1.33528,1.33854,1.33301,1.33335,1.33335,1.33692,1.33248,1.33578
326,EURUSD,07-10-2013 00:00,Buy,1.30964,1.30968,1.3100100000000001,1.2999,1.30679,1.3076299999999998,1.308,1.2993,1.30617,1.30617,1.31745,1.30528,1.31621,1.3162,1.31768,1.30829,1.3124799999999999
102,EURUSD,07-10-2013 00:00,Buy,1.30964,1.30968,1.3100100000000001,1.2999,1.30679,1.3076299999999998,1.308,1.2993,1.30617,1.30617,1.31745,1.30528,1.31621,1.3162,1.31768,1.30829,1.3124799999999999
328,EURUSD,09-10-2013 00:00,Buy,1.33103,1.33095,1.33244,1.32552,1.3299,1.3299,1.3321,1.32538,1.3293,1.33528,1.33854,1.33301,1.33335,1.33335,1.33692,1.3324799999999999,1.33578
104,EURUSD,09-10-2013 00:00,Buy,1.33103,1.33095,1.33244,1.32552,1.3299,1.3299,1.3321,1.32538,1.3293,1.33528,1.33854,1.33301,1.33335,1.33335,1.33692,1.3324799999999999,1.33578
329,EURUSD,30-10-2013 21:00,Sell,1.35832,1.35833,1.35894,1.34795,1.34853,1.34866,1.35243,1.3442,1.3513899999999999,1.3514,1.3522399999999999,1.3449,1.3474,1.34742,1.35471,1.34675,1.3512600000000001
31,EURUSD,30-10-2013 21:00,Sell,1.35832,1.35833,1.35894,1.34795,1.34853,1.34866,1.35243,1.3442,1.35139,1.3514,1.35224,1.3449,1.3474,1.34742,1.35471,1.34675,1.35126
255,EURUSD,30-10-2013 21:00,Sell,1.35832,1.35833,1.35894,1.34795,1.34853,1.34866,1.35243,1.3442,1.35139,1.3514,1.35224,1.3449,1.3474,1.34742,1.35471,1.34675,1.35126
105,EURUSD,30-10-2013 21:00,Sell,1.35832,1.35833,1.35894,1.34795,1.34853,1.34866,1.35243,1.3442,1.3513899999999999,1.3514,1.3522399999999999,1.3449,1.3474,1.34742,1.35471,1.34675,1.3512600000000001
32,EURUSD,26-11-2013 00:00,Buy,1.35795,1.35791,1.3618,1.35636,1.36047,1.36043,1.36216,1.358,1.35899,1.35848,1.3615700000000002,1.35255,1.35417,1.35416,1.36137,1.3524,1.35888
106,EURUSD,26-11-2013 00:00,Buy,1.35795,1.35791,1.3618,1.35636,1.36047,1.36043,1.36216,1.358,1.35899,1.35848,1.3615700000000002,1.35255,1.35417,1.35416,1.36137,1.3524,1.3588799999999999
256,EURUSD,26-11-2013 00:00,Buy,1.35795,1.35791,1.3618,1.35636,1.36047,1.36043,1.36216,1.358,1.35899,1.35848,1.3615700000000002,1.35255,1.35417,1.35416,1.36137,1.3524,1.35888
330,EURUSD,26-11-2013 00:00,Buy,1.35795,1.35791,1.3618,1.35636,1.36047,1.36043,1.36216,1.358,1.35899,1.35848,1.3615700000000002,1.35255,1.35417,1.35416,1.36137,1.3524,1.3588799999999999
108,EURUSD,07-01-2014 21:00,Sell,1.36592,1.3659,1.36642,1.3596,1.36097,1.361,1.36112,1.35855,1.35944,1.35945,1.36091,1.35759,1.36042,1.36043,1.3617299999999999,1.3588200000000001,1.3611799999999998
332,EURUSD,07-01-2014 21:00,Sell,1.36592,1.3659,1.36642,1.3596,1.36097,1.361,1.36112,1.35855,1.35944,1.35945,1.36091,1.35759,1.36042,1.36043,1.3617299999999999,1.3588200000000001,1.3611799999999998
185,EURJPY,15-01-2014 00:00,Buy,142.113,142.114,142.161,140.97,141.19899999999996,141.076,141.379,140.32,141.167,141.167,141.855,141.031,141.417,141.417,141.829,141.055,141.59799999999996
186,EURJPY,16-01-2014 22:00,Sell,141.19899999999996,141.076,141.379,140.32,141.167,141.167,141.855,141.031,141.417,141.417,141.829,141.055,141.59799999999996,141.59,142.415,141.03,141.43
187,EURJPY,17-02-2014 00:00,Buy,140.819,140.826,140.914,140.0,140.498,140.5,140.622,139.19899999999998,140.3,140.298,141.268,140.297,140.77,140.734,141.043,140.344,140.778
188,EURJPY,06-03-2014 00:00,Buy,139.71,139.719,139.988,138.67600000000002,139.892,139.892,139.969,139.35299999999998,139.781,139.825,140.091,139.268,139.369,139.369,139.422,138.453,138.66899999999998
189,EURJPY,06-04-2014 21:00,Sell,139.892,139.892,139.969,139.35299999999998,139.781,139.825,140.091,139.268,139.369,139.369,139.422,138.453,138.66899999999998,138.665,138.665,137.874,138.114
191,EURJPY,08-04-2014 21:00,Sell,137.225,137.225,137.236,136.157,136.63299999999998,136.627,137.122,136.266,136.425,136.417,136.941,135.72799999999998,136.787,137.023,137.028,136.595,136.774
257,EURUSD,29-06-2014 00:00,Buy,1.3692,1.3692,1.37004,1.36755,1.36786,1.36786,1.36824,1.364,1.36592,1.3659,1.36642,1.3596,1.36097,1.361,1.36112,1.35855,1.35944
107,EURUSD,29-06-2014 00:00,Buy,1.3692,1.3692,1.37004,1.36755,1.36786,1.36786,1.36824,1.364,1.36592,1.3659,1.36642,1.3596,1.36097,1.361,1.36112,1.35855,1.35944
33,EURUSD,29-06-2014 00:00,Buy,1.3692,1.3692,1.37004,1.36755,1.36786,1.36786,1.36824,1.364,1.36592,1.3659,1.36642,1.3596,1.36097,1.361,1.36112,1.35855,1.35944
331,EURUSD,29-06-2014 00:00,Buy,1.3692,1.3692,1.37004,1.36755,1.36786,1.36786,1.36824,1.364,1.36592,1.3659,1.36642,1.3596,1.36097,1.361,1.36112,1.35855,1.35944
34,EURUSD,01-07-2014 21:00,Sell,1.36592,1.3659,1.36642,1.3596,1.36097,1.361,1.36112,1.35855,1.35944,1.35945,1.36091,1.35759,1.36042,1.36043,1.36173,1.35882,1.3611799999999998
258,EURUSD,01-07-2014 21:00,Sell,1.36592,1.3659,1.36642,1.3596,1.36097,1.361,1.36112,1.35855,1.35944,1.35945,1.36091,1.35759,1.36042,1.36043,1.36173,1.35882,1.3611799999999998
190,EURJPY,29-07-2014 00:00,Buy,137.697,137.695,137.84799999999998,137.511,137.638,137.638,138.02100000000002,137.566,137.743,137.725,137.909,137.423,137.656,137.654,137.72,137.075,137.225
192,EURJPY,19-08-2014 00:00,Buy,137.569,137.556,137.945,137.465,137.909,137.912,138.001,137.312,137.606,137.58100000000002,137.66899999999998,137.093,137.263,137.261,137.417,137.011,137.018
193,EURJPY,30-09-2014 21:00,Sell,137.441,137.44299999999998,137.721,136.869,137.338,137.343,137.876,137.112,137.35,137.257,137.77,137.045,137.64700000000002,137.648,137.767,136.559,136.843
259,EURUSD,14-10-2014 00:00,Buy,1.28374,1.28374,1.28449,1.27057,1.28086,1.28081,1.28369,1.27436,1.27589,1.27507,1.28168,1.27312,1.28,1.27996,1.28401,1.27144,1.27157
333,EURUSD,14-10-2014 00:00,Buy,1.2837399999999999,1.2837399999999999,1.28449,1.27057,1.28086,1.28081,1.28369,1.27436,1.27589,1.2750700000000001,1.28168,1.27312,1.28,1.27996,1.28401,1.27144,1.27157
109,EURUSD,14-10-2014 00:00,Buy,1.2837399999999999,1.2837399999999999,1.28449,1.27057,1.28086,1.28081,1.28369,1.27436,1.27589,1.2750700000000001,1.28168,1.27312,1.28,1.27996,1.28401,1.27144,1.27157
35,EURUSD,14-10-2014 00:00,Buy,1.28374,1.28374,1.28449,1.27057,1.28086,1.28081,1.28369,1.27436,1.27589,1.27507,1.28168,1.27312,1.28,1.27996,1.28401,1.27144,1.27157
334,EURUSD,19-10-2014 21:00,Sell,1.28,1.27996,1.28401,1.27144,1.27157,1.27156,1.27396,1.2637200000000002,1.26483,1.26483,1.26766,1.26137,1.26457,1.26458,1.26957,1.26349,1.26688
260,EURUSD,19-10-2014 21:00,Sell,1.28,1.27996,1.28401,1.27144,1.27157,1.27156,1.27396,1.2637200000000002,1.26483,1.26483,1.26766,1.26137,1.26457,1.26458,1.26957,1.26349,1.26688
110,EURUSD,19-10-2014 21:00,Sell,1.28,1.27996,1.28401,1.27144,1.27157,1.27156,1.27396,1.2637200000000002,1.26483,1.26483,1.26766,1.26137,1.26457,1.26458,1.26957,1.26349,1.26688
36,EURUSD,19-10-2014 21:00,Sell,1.28,1.27996,1.28401,1.27144,1.27157,1.27156,1.27396,1.2637200000000002,1.26483,1.26483,1.26766,1.26137,1.26457,1.26458,1.26957,1.26349,1.26688
111,EURUSD,20-10-2014 00:00,Buy,1.27157,1.27156,1.27396,1.2637200000000002,1.26483,1.26483,1.26766,1.26137,1.26457,1.26458,1.26957,1.26349,1.26688,1.26754,1.27231,1.26657,1.2698
335,EURUSD,20-10-2014 00:00,Buy,1.27157,1.27156,1.27396,1.2637200000000002,1.26483,1.26483,1.26766,1.26137,1.26457,1.26458,1.26957,1.26349,1.26688,1.26754,1.27231,1.26657,1.2698
37,EURUSD,20-10-2014 00:00,Buy,1.27157,1.27156,1.27396,1.2637200000000002,1.26483,1.26483,1.26766,1.26137,1.26457,1.26458,1.26957,1.26349,1.26688,1.26754,1.27231,1.26657,1.2698
261,EURUSD,20-10-2014 00:00,Buy,1.27157,1.27156,1.27396,1.2637200000000002,1.26483,1.26483,1.26766,1.26137,1.26457,1.26458,1.26957,1.26349,1.26688,1.26754,1.27231,1.26657,1.2698
112,EURUSD,21-10-2014 21:00,Sell,1.26483,1.26483,1.26766,1.26137,1.26457,1.26458,1.26957,1.26349,1.26688,1.26754,1.27231,1.26657,1.2698,1.26979,1.2764799999999998,1.26845,1.27342
336,EURUSD,21-10-2014 21:00,Sell,1.26483,1.26483,1.26766,1.26137,1.26457,1.26458,1.26957,1.26349,1.26688,1.26754,1.27231,1.26657,1.2698,1.26979,1.2764799999999998,1.26845,1.27342
38,EURUSD,21-10-2014 21:00,Sell,1.26483,1.26483,1.26766,1.26137,1.26457,1.26458,1.26957,1.26349,1.26688,1.26754,1.27231,1.26657,1.2698,1.26979,1.2764799999999998,1.26845,1.27342
262,EURUSD,21-10-2014 21:00,Sell,1.26483,1.26483,1.26766,1.26137,1.26457,1.26458,1.26957,1.26349,1.26688,1.26754,1.27231,1.26657,1.2698,1.26979,1.2764799999999998,1.26845,1.27342
39,EURUSD,27-10-2014 00:00,Buy,1.27342,1.27338,1.27705,1.26307,1.26311,1.26313,1.26394,1.25474,1.26129,1.26132,1.26173,1.2486,1.25224,1.2506700000000002,1.25138,1.24396,1.24811
337,EURUSD,27-10-2014 00:00,Buy,1.27342,1.27338,1.27705,1.2630700000000001,1.26311,1.2631299999999999,1.26394,1.25474,1.26129,1.26132,1.26173,1.2486,1.25224,1.2506700000000002,1.25138,1.24396,1.24811
263,EURUSD,27-10-2014 00:00,Buy,1.27342,1.27338,1.27705,1.26307,1.26311,1.26313,1.26394,1.25474,1.26129,1.26132,1.26173,1.2486,1.25224,1.2506700000000002,1.25138,1.24396,1.24811
113,EURUSD,27-10-2014 00:00,Buy,1.27342,1.27338,1.27705,1.2630700000000001,1.26311,1.2631299999999999,1.26394,1.25474,1.26129,1.26132,1.26173,1.2486,1.25224,1.2506700000000002,1.25138,1.24396,1.24811
114,EURUSD,28-10-2014 21:00,Sell,1.26311,1.2631299999999999,1.26394,1.25474,1.26129,1.26132,1.26173,1.2486,1.25224,1.2506700000000002,1.25138,1.24396,1.24811,1.2482,1.25773,1.24804,1.2546
338,EURUSD,28-10-2014 21:00,Sell,1.26311,1.2631299999999999,1.26394,1.25474,1.26129,1.26132,1.26173,1.2486,1.25224,1.2506700000000002,1.25138,1.24396,1.24811,1.2482,1.25773,1.24804,1.2546
264,EURUSD,28-10-2014 21:00,Sell,1.26311,1.26313,1.26394,1.25474,1.26129,1.26132,1.26173,1.2486,1.25224,1.2506700000000002,1.25138,1.24396,1.24811,1.2482,1.25773,1.24804,1.2546
40,EURUSD,28-10-2014 21:00,Sell,1.26311,1.26313,1.26394,1.25474,1.26129,1.26132,1.26173,1.2486,1.25224,1.2506700000000002,1.25138,1.24396,1.24811,1.2482,1.25773,1.24804,1.2546
194,EURJPY,30-10-2014 00:00,Buy,140.635,140.945,142.561,140.399,142.33100000000005,142.333,142.616,141.69899999999996,142.513,142.513,143.447,142.35399999999996,143.129,143.12,144.221,142.187,142.556
115,EURUSD,18-11-2014 00:00,Buy,1.25537,1.25534,1.25752,1.25042,1.25389,1.25389,1.25682,1.2375,1.23871,1.23627,1.2444600000000001,1.23622,1.24421,1.24421,1.2486899999999999,1.2401799999999998,1.2474
41,EURUSD,18-11-2014 00:00,Buy,1.25537,1.25534,1.25752,1.25042,1.25389,1.25389,1.25682,1.2375,1.23871,1.23627,1.24446,1.23622,1.24421,1.24421,1.24869,1.2401799999999998,1.2474
265,EURUSD,18-11-2014 00:00,Buy,1.25537,1.25534,1.25752,1.25042,1.25389,1.25389,1.25682,1.2375,1.23871,1.23627,1.24446,1.23622,1.24421,1.24421,1.24869,1.2401799999999998,1.2474
339,EURUSD,18-11-2014 00:00,Buy,1.25537,1.25534,1.25752,1.25042,1.25389,1.25389,1.25682,1.2375,1.23871,1.23627,1.2444600000000001,1.23622,1.24421,1.24421,1.2486899999999999,1.2401799999999998,1.2474
42,EURUSD,20-11-2014 22:00,Sell,1.23871,1.23627,1.24446,1.23622,1.24421,1.24421,1.24869,1.2401799999999998,1.2474,1.2474,1.25312,1.24437,1.25055,1.25053,1.25235,1.24646,1.24669
116,EURUSD,20-11-2014 22:00,Sell,1.23871,1.23627,1.2444600000000001,1.23622,1.24421,1.24421,1.2486899999999999,1.2401799999999998,1.2474,1.2474,1.25312,1.24437,1.25055,1.25053,1.25235,1.2464600000000001,1.2466899999999999
340,EURUSD,20-11-2014 22:00,Sell,1.23871,1.23627,1.2444600000000001,1.23622,1.24421,1.24421,1.2486899999999999,1.2401799999999998,1.2474,1.2474,1.25312,1.24437,1.25055,1.25053,1.25235,1.2464600000000001,1.2466899999999999
266,EURUSD,20-11-2014 22:00,Sell,1.23871,1.23627,1.24446,1.23622,1.24421,1.24421,1.24869,1.2401799999999998,1.2474,1.2474,1.25312,1.24437,1.25055,1.25053,1.25235,1.24646,1.24669
184,EURJPY,01-12-2014 22:00,Sell,140.793,140.793,142.63,140.741,142.549,142.55100000000004,142.608,141.799,142.239,142.244,142.909,141.708,142.113,142.114,142.161,140.97,141.19899999999996
195,EURJPY,15-12-2014 22:00,Sell,145.63,145.63,146.763,145.29,146.409,146.415,146.74,145.597,145.98,145.976,146.739,145.937,146.112,146.09,147.118,145.94899999999996,146.795
196,EURJPY,28-12-2014 00:00,Buy,146.631,146.622,146.739,144.763,145.231,145.231,145.577,144.744,144.77100000000004,144.951,145.32299999999995,144.124,144.58,143.985,144.161,142.299,142.746
197,EURJPY,29-12-2014 22:00,Sell,145.231,145.231,145.577,144.744,144.77100000000004,144.951,145.32299999999995,144.124,144.58,143.985,144.161,142.299,142.746,142.747,142.769,140.734,140.766
343,EURUSD,04-02-2015 00:00,Buy,1.09713,1.10004,1.10356,1.091,1.09217,1.09216,1.0954700000000002,1.0803200000000002,1.08141,1.08143,1.08873,1.07629,1.07805,1.078,1.07886,1.06377,1.06587
119,EURUSD,04-02-2015 00:00,Buy,1.09713,1.10004,1.10356,1.091,1.09217,1.09216,1.0954700000000002,1.0803200000000002,1.08141,1.08143,1.08873,1.07629,1.07805,1.078,1.07886,1.06377,1.06587
349,EURUSD,12-02-2015 00:00,Buy,1.0938700000000001,1.0938700000000001,1.09562,1.08361,1.08818,1.08703,1.08871,1.0796,1.08369,1.08369,1.09023,1.08301,1.0891600000000001,1.08915,1.10426,1.08791,1.10238
125,EURUSD,12-02-2015 00:00,Buy,1.0938700000000001,1.0938700000000001,1.09562,1.08361,1.08818,1.08703,1.08871,1.0796,1.08369,1.08369,1.09023,1.08301,1.0891600000000001,1.08915,1.10426,1.08791,1.10238
203,EURJPY,12-02-2015 00:00,Buy,134.097,134.093,134.591,133.326,133.929,133.907,134.118,133.298,133.681,133.681,134.003,133.482,133.88299999999998,133.88299999999998,134.22,133.52,133.872
117,EURUSD,22-03-2015 00:00,Buy,1.09456,1.09447,1.1029200000000001,1.08904,1.09235,1.09233,1.10144,1.09007,1.0969799999999998,1.09691,1.10522,1.08564,1.08837,1.08837,1.09485,1.0801100000000001,1.08874
341,EURUSD,22-03-2015 00:00,Buy,1.09456,1.09447,1.1029200000000001,1.08904,1.09235,1.09233,1.10144,1.09007,1.0969799999999998,1.09691,1.10522,1.08564,1.08837,1.08837,1.09485,1.0801100000000001,1.08874
43,EURUSD,22-03-2015 00:00,Buy,1.09456,1.09447,1.10292,1.08904,1.09235,1.09233,1.10144,1.09007,1.0969799999999998,1.09691,1.10522,1.08564,1.08837,1.08837,1.09485,1.08011,1.08874
267,EURUSD,22-03-2015 00:00,Buy,1.09456,1.09447,1.10292,1.08904,1.09235,1.09233,1.10144,1.09007,1.0969799999999998,1.09691,1.10522,1.08564,1.08837,1.08837,1.09485,1.08011,1.08874
268,EURUSD,26-03-2015 21:00,Sell,1.08874,1.08861,1.0895,1.0809799999999998,1.0832700000000002,1.08328,1.08455,1.0713,1.07308,1.07308,1.07999,1.07184,1.07624,1.07624,1.0905,1.07502,1.08795
44,EURUSD,26-03-2015 21:00,Sell,1.08874,1.08861,1.0895,1.0809799999999998,1.0832700000000002,1.08328,1.08455,1.0713,1.07308,1.07308,1.07999,1.07184,1.07624,1.07624,1.0905,1.07502,1.08795
118,EURUSD,26-03-2015 21:00,Sell,1.08874,1.08861,1.0895,1.0809799999999998,1.0832700000000002,1.08328,1.08455,1.0713,1.07308,1.07308,1.07999,1.07184,1.0762399999999999,1.0762399999999999,1.0905,1.07502,1.08795
342,EURUSD,26-03-2015 21:00,Sell,1.08874,1.08861,1.0895,1.0809799999999998,1.0832700000000002,1.08328,1.08455,1.0713,1.07308,1.07308,1.07999,1.07184,1.0762399999999999,1.0762399999999999,1.0905,1.07502,1.08795
45,EURUSD,02-04-2015 00:00,Buy,1.09713,1.10004,1.10356,1.091,1.09217,1.09216,1.0954700000000002,1.0803200000000002,1.08141,1.08143,1.08873,1.07629,1.07805,1.078,1.07886,1.06377,1.06587
269,EURUSD,02-04-2015 00:00,Buy,1.09713,1.10004,1.10356,1.091,1.09217,1.09216,1.0954700000000002,1.0803200000000002,1.08141,1.08143,1.08873,1.07629,1.07805,1.078,1.07886,1.06377,1.06587
270,EURUSD,07-04-2015 21:00,Sell,1.07805,1.078,1.07886,1.06377,1.06587,1.06588,1.06837,1.05679,1.0602200000000002,1.05853,1.0619,1.05203,1.05669,1.05669,1.07074,1.05315,1.06541
46,EURUSD,07-04-2015 21:00,Sell,1.07805,1.078,1.07886,1.06377,1.06587,1.06588,1.06837,1.05679,1.0602200000000002,1.05853,1.0619,1.05203,1.05669,1.05669,1.07074,1.05315,1.06541
198,EURJPY,27-04-2015 00:00,Buy,130.512,130.512,132.895,130.261,132.41899999999998,132.418,134.516,131.311,133.971,133.971,135.286,133.898,134.556,134.55700000000002,134.725,133.697,133.866
47,EURUSD,21-05-2015 21:00,Sell,1.10074,1.10016,1.10095,1.0959,1.09766,1.09766,1.0981,1.08633,1.08719,1.08719,1.0929,1.08192,1.09038,1.09036,1.09584,1.08671,1.09474
345,EURUSD,21-05-2015 21:00,Sell,1.10074,1.10016,1.10095,1.0959,1.09766,1.09766,1.0981,1.08633,1.0871899999999999,1.0871899999999999,1.0929,1.08192,1.09038,1.09036,1.09584,1.08671,1.09474
121,EURUSD,21-05-2015 21:00,Sell,1.10074,1.10016,1.10095,1.0959,1.09766,1.09766,1.0981,1.08633,1.0871899999999999,1.0871899999999999,1.0929,1.08192,1.09038,1.09036,1.09584,1.08671,1.09474
271,EURUSD,21-05-2015 21:00,Sell,1.10074,1.10016,1.10095,1.0959,1.09766,1.09766,1.0981,1.08633,1.08719,1.08719,1.0929,1.08192,1.09038,1.09036,1.09584,1.08671,1.09474
199,EURJPY,28-06-2015 21:00,Sell,137.667,137.674,137.738,135.882,136.529,136.52,137.41299999999998,136.03,136.157,136.158,136.916,136.041,136.357,136.36,136.845,135.91,136.425
120,EURUSD,04-07-2015 21:00,Sell,1.07805,1.078,1.07886,1.06377,1.06587,1.06588,1.06837,1.05679,1.0602200000000002,1.05853,1.0619,1.05203,1.05669,1.05669,1.07074,1.05315,1.06541
344,EURUSD,04-07-2015 21:00,Sell,1.07805,1.078,1.07886,1.06377,1.06587,1.06588,1.06837,1.05679,1.0602200000000002,1.05853,1.0619,1.05203,1.05669,1.05669,1.07074,1.05315,1.06541
200,EURJPY,22-07-2015 00:00,Buy,136.1,136.093,136.28,135.529,135.92,135.864,137.10399999999998,135.75,136.66,136.66,136.97899999999998,136.368,136.67600000000002,136.639,136.925,135.975,136.08700000000002
346,EURUSD,26-07-2015 00:00,Buy,1.10871,1.10874,1.10996,1.1022100000000001,1.10596,1.1059299999999999,1.1084,1.09669,1.09818,1.09825,1.09891,1.08933,1.0931,1.09311,1.1114,1.0921100000000001,1.0983
48,EURUSD,26-07-2015 00:00,Buy,1.10871,1.10874,1.10996,1.10221,1.10596,1.10593,1.1084,1.09669,1.09818,1.09825,1.09891,1.08933,1.0931,1.09311,1.1114,1.09211,1.0983
272,EURUSD,26-07-2015 00:00,Buy,1.10871,1.10874,1.10996,1.10221,1.10596,1.10593,1.1084,1.09669,1.09818,1.09825,1.09891,1.08933,1.0931,1.09311,1.1114,1.09211,1.0983
122,EURUSD,26-07-2015 00:00,Buy,1.10871,1.10874,1.10996,1.1022100000000001,1.10596,1.1059299999999999,1.1084,1.09669,1.09818,1.09825,1.09891,1.08933,1.0931,1.09311,1.1114,1.0921100000000001,1.0983
273,EURUSD,28-07-2015 21:00,Sell,1.09818,1.09825,1.09891,1.08933,1.0931,1.09311,1.1114,1.09211,1.0983,1.09705,1.0995700000000002,1.0941299999999998,1.09491,1.09493,1.09875,1.08789,1.08806
123,EURUSD,28-07-2015 21:00,Sell,1.09818,1.09825,1.09891,1.08933,1.0931,1.09311,1.1114,1.0921100000000001,1.0983,1.09705,1.0995700000000002,1.0941299999999998,1.09491,1.09493,1.09875,1.08789,1.08806
49,EURUSD,28-07-2015 21:00,Sell,1.09818,1.09825,1.09891,1.08933,1.0931,1.09311,1.1114,1.09211,1.0983,1.09705,1.0995700000000002,1.0941299999999998,1.09491,1.09493,1.09875,1.08789,1.08806
347,EURUSD,28-07-2015 21:00,Sell,1.09818,1.09825,1.09891,1.08933,1.0931,1.09311,1.1114,1.0921100000000001,1.0983,1.09705,1.0995700000000002,1.0941299999999998,1.09491,1.09493,1.09875,1.08789,1.08806
202,EURJPY,14-09-2015 21:00,Sell,135.67600000000002,135.67600000000002,136.63,135.154,136.07399999999998,136.07399999999998,137.441,136.066,137.23,137.22899999999998,137.299,135.247,135.536,135.52200000000002,136.138,134.77100000000002,134.885
201,EURJPY,09-10-2015 00:00,Buy,136.681,136.562,137.048,135.5,136.05200000000002,136.05200000000002,136.411,134.996,135.67600000000002,135.67600000000002,136.63,135.154,136.07399999999998,136.07399999999998,137.441,136.066,137.23
348,EURUSD,21-10-2015 21:00,Sell,1.11083,1.11083,1.11398,1.09966,1.10165,1.1002,1.1068200000000001,1.0999299999999999,1.10576,1.10574,1.10784,1.10303,1.10509,1.10509,1.10956,1.08969,1.0922399999999999
124,EURUSD,21-10-2015 21:00,Sell,1.11083,1.11083,1.11398,1.09966,1.10165,1.1002,1.1068200000000001,1.0999299999999999,1.10576,1.10574,1.10784,1.10303,1.10509,1.10509,1.10956,1.08969,1.0922399999999999
274,EURUSD,21-10-2015 21:00,Sell,1.11083,1.11083,1.11398,1.09966,1.10165,1.1002,1.10682,1.09993,1.10576,1.10574,1.10784,1.10303,1.10509,1.10509,1.10956,1.08969,1.09224
50,EURUSD,21-10-2015 21:00,Sell,1.11083,1.11083,1.11398,1.09966,1.10165,1.1002,1.10682,1.09993,1.10576,1.10574,1.10784,1.10303,1.10509,1.10509,1.10956,1.08969,1.09224
51,EURUSD,02-12-2015 00:00,Buy,1.09387,1.09387,1.09562,1.08361,1.08818,1.08703,1.08871,1.0796,1.08369,1.08369,1.09023,1.08301,1.08916,1.08915,1.10426,1.08791,1.10238
275,EURUSD,02-12-2015 00:00,Buy,1.09387,1.09387,1.09562,1.08361,1.08818,1.08703,1.08871,1.0796,1.08369,1.08369,1.09023,1.08301,1.08916,1.08915,1.10426,1.08791,1.10238
204,EURJPY,17-12-2015 22:00,Sell,131.626,131.613,132.344,131.55100000000002,132.235,132.236,132.798,132.09799999999998,132.65,132.656,132.656,131.503,131.933,131.93200000000002,132.004,131.589,131.936
276,EURUSD,03-01-2016 22:00,Sell,1.08296,1.08303,1.08388,1.07107,1.07476,1.07474,1.0799299999999998,1.07148,1.078,1.07801,1.09401,1.0771,1.09292,1.09295,1.09333,1.08033,1.09235
52,EURUSD,03-01-2016 22:00,Sell,1.08296,1.08303,1.08388,1.07107,1.07476,1.07474,1.0799299999999998,1.07148,1.078,1.07801,1.09401,1.0771,1.09292,1.09295,1.09333,1.08033,1.09235
277,EURUSD,06-01-2016 00:00,Buy,1.09292,1.09295,1.09333,1.08033,1.09235,1.09172,1.09697,1.08479,1.0859,1.0859299999999998,1.09002,1.08197,1.0857,1.0856,1.08878,1.08049,1.08769
53,EURUSD,06-01-2016 00:00,Buy,1.09292,1.09295,1.09333,1.08033,1.09235,1.09172,1.09697,1.08479,1.0859,1.0859299999999998,1.09002,1.08197,1.0857,1.0856,1.08878,1.08049,1.08769
133,EURUSD,11-01-2016 00:00,Buy,1.10972,1.10968,1.11259,1.10596,1.11042,1.11042,1.11412,1.10798,1.11378,1.10637,1.11103,1.10274,1.10401,1.10401,1.10669,1.1008799999999999,1.10256
357,EURUSD,11-01-2016 00:00,Buy,1.10972,1.10968,1.11259,1.10596,1.11042,1.11042,1.11412,1.10798,1.11378,1.10637,1.11103,1.10274,1.10401,1.10401,1.10669,1.1008799999999999,1.10256
205,EURJPY,27-01-2016 00:00,Buy,129.975,129.959,132.384,129.514,131.17600000000002,131.412,132.025,131.239,131.705,131.708,131.97,130.895,130.974,130.972,130.987,130.053,130.865
278,EURUSD,23-02-2016 22:00,Sell,1.10132,1.10132,1.10498,1.09867,1.10176,1.10176,1.10683,1.09116,1.093,1.09159,1.09625,1.0859299999999998,1.08728,1.08724,1.08935,1.08342,1.08659
128,EURUSD,23-02-2016 22:00,Sell,1.10132,1.10132,1.1049799999999999,1.09867,1.10176,1.10176,1.10683,1.0911600000000001,1.093,1.09159,1.09625,1.0859299999999998,1.08728,1.08724,1.08935,1.08342,1.08659
54,EURUSD,23-02-2016 22:00,Sell,1.10132,1.10132,1.10498,1.09867,1.10176,1.10176,1.10683,1.09116,1.093,1.09159,1.09625,1.0859299999999998,1.08728,1.08724,1.08935,1.08342,1.08659
352,EURUSD,23-02-2016 22:00,Sell,1.10132,1.10132,1.1049799999999999,1.09867,1.10176,1.10176,1.10683,1.0911600000000001,1.093,1.09159,1.09625,1.0859299999999998,1.08728,1.08724,1.08935,1.08342,1.08659
126,EURUSD,01-03-2016 22:00,Sell,1.0829600000000001,1.08303,1.08388,1.07107,1.07476,1.07474,1.0799299999999998,1.07148,1.078,1.0780100000000001,1.09401,1.0771,1.0929200000000001,1.09295,1.09333,1.08033,1.09235
350,EURUSD,01-03-2016 22:00,Sell,1.0829600000000001,1.08303,1.08388,1.07107,1.07476,1.07474,1.0799299999999998,1.07148,1.078,1.0780100000000001,1.09401,1.0771,1.0929200000000001,1.09295,1.09333,1.08033,1.09235
207,EURJPY,29-03-2016 00:00,Buy,127.448,127.447,128.22,126.961,128.095,128.094,128.16299999999998,127.098,127.15100000000001,127.229,127.352,126.447,126.771,126.771,126.836,125.242,125.589
131,EURUSD,08-04-2016 21:00,Sell,1.1085399999999999,1.1077700000000001,1.11049,1.10721,1.10877,1.10879,1.11225,1.10705,1.11163,1.11164,1.11901,1.11121,1.11753,1.1175700000000002,1.11914,1.11354,1.11372
355,EURUSD,08-04-2016 21:00,Sell,1.1085399999999999,1.1077700000000001,1.11049,1.10721,1.10877,1.10879,1.11225,1.10705,1.11163,1.11164,1.11901,1.11121,1.11753,1.1175700000000002,1.11914,1.11354,1.11372
208,EURJPY,25-04-2016 00:00,Buy,125.73200000000001,125.74600000000001,126.32,125.444,126.204,126.20100000000001,126.471,122.521,122.677,122.676,122.95200000000001,121.676,121.75299999999999,121.75299999999999,122.917,121.743,122.712
209,EURJPY,27-04-2016 21:00,Sell,122.677,122.676,122.95200000000001,121.676,121.75299999999999,121.75299999999999,122.917,121.743,122.712,122.711,122.757,122.12200000000001,122.53,122.53,123.515,122.29700000000001,122.885
55,EURUSD,17-05-2016 21:00,Sell,1.12159,1.12158,1.12299,1.11801,1.12024,1.1202299999999998,1.12375,1.11963,1.12222,1.12081,1.12428,1.11875,1.12196,1.12201,1.12271,1.11324,1.11405
129,EURUSD,17-05-2016 21:00,Sell,1.1215899999999999,1.12158,1.12299,1.11801,1.12024,1.1202299999999998,1.12375,1.11963,1.12222,1.12081,1.12428,1.11875,1.12196,1.12201,1.12271,1.11324,1.11405
353,EURUSD,17-05-2016 21:00,Sell,1.1215899999999999,1.12158,1.12299,1.11801,1.12024,1.1202299999999998,1.12375,1.11963,1.12222,1.12081,1.12428,1.11875,1.12196,1.12201,1.12271,1.11324,1.11405
279,EURUSD,17-05-2016 21:00,Sell,1.12159,1.12158,1.12299,1.11801,1.12024,1.1202299999999998,1.12375,1.11963,1.12222,1.12081,1.12428,1.11875,1.12196,1.12201,1.12271,1.11324,1.11405
127,EURUSD,01-06-2016 00:00,Buy,1.0929200000000001,1.09295,1.09333,1.08033,1.09235,1.09172,1.09697,1.08479,1.0859,1.0859299999999998,1.09002,1.08197,1.0857,1.0856,1.0887799999999999,1.08049,1.08769
351,EURUSD,01-06-2016 00:00,Buy,1.0929200000000001,1.09295,1.09333,1.08033,1.09235,1.09172,1.09697,1.08479,1.0859,1.0859299999999998,1.09002,1.08197,1.0857,1.0856,1.0887799999999999,1.08049,1.08769
206,EURJPY,02-07-2016 22:00,Sell,129.66,129.658,130.262,128.266,130.00799999999998,129.969,130.111,127.744,127.95200000000001,127.941,128.10299999999998,125.775,127.271,127.273,127.649,126.38,127.37799999999999
134,EURUSD,11-07-2016 22:00,Sell,1.10256,1.10256,1.12995,1.0907,1.09094,1.09094,1.0953700000000002,1.08649,1.08914,1.0890600000000001,1.0923399999999999,1.08303,1.0851600000000001,1.0833,1.0840100000000001,1.07091,1.07364
358,EURUSD,11-07-2016 22:00,Sell,1.10256,1.10256,1.12995,1.0907,1.09094,1.09094,1.0953700000000002,1.08649,1.08914,1.0890600000000001,1.0923399999999999,1.08303,1.0851600000000001,1.0833,1.0840100000000001,1.07091,1.07364
213,EURJPY,12-07-2016 22:00,Sell,121.02799999999999,121.021,121.757,120.978,121.713,121.546,122.929,121.545,122.31700000000001,122.31700000000001,122.79899999999999,122.09100000000001,122.367,122.387,123.415,122.132,123.27799999999999
210,EURJPY,13-07-2016 00:00,Buy,117.104,117.09899999999999,118.40299999999999,115.48200000000001,115.65799999999999,116.41799999999999,117.69,116.315,117.55799999999999,117.554,117.76700000000001,116.573,116.92399999999999,116.921,117.926,116.53399999999999,117.682
211,EURJPY,25-07-2016 21:00,Sell,114.95,114.949,117.15100000000001,114.915,116.521,116.521,116.846,115.819,116.564,116.568,116.926,113.87899999999999,114.036,114.23200000000001,114.73200000000001,113.925,114.266
212,EURJPY,26-07-2016 00:00,Buy,116.521,116.521,116.846,115.819,116.564,116.568,116.926,113.87899999999999,114.036,114.23200000000001,114.73200000000001,113.925,114.266,114.241,114.811,113.007,113.211
130,EURUSD,28-07-2016 00:00,Buy,1.1172600000000001,1.1172600000000001,1.11836,1.11552,1.11611,1.11611,1.1233600000000001,1.11578,1.12215,1.12215,1.12268,1.11406,1.11491,1.11491,1.11563,1.1114,1.11273
354,EURUSD,28-07-2016 00:00,Buy,1.1172600000000001,1.1172600000000001,1.11836,1.11552,1.11611,1.11611,1.1233600000000001,1.11578,1.12215,1.12215,1.12268,1.11406,1.11491,1.11491,1.11563,1.1114,1.11273
56,EURUSD,28-07-2016 00:00,Buy,1.11726,1.11726,1.11836,1.11552,1.11611,1.11611,1.12336,1.11578,1.12215,1.12215,1.12268,1.11406,1.11491,1.11491,1.11563,1.1114,1.11273
280,EURUSD,28-07-2016 00:00,Buy,1.11726,1.11726,1.11836,1.11552,1.11611,1.11611,1.12336,1.11578,1.12215,1.12215,1.12268,1.11406,1.11491,1.11491,1.11563,1.1114,1.11273
281,EURUSD,04-08-2016 21:00,Sell,1.10854,1.10777,1.11049,1.10721,1.10877,1.10879,1.11225,1.10705,1.11163,1.11164,1.11901,1.11121,1.11753,1.1175700000000002,1.11914,1.11354,1.11372
57,EURUSD,04-08-2016 21:00,Sell,1.10854,1.10777,1.11049,1.10721,1.10877,1.10879,1.11225,1.10705,1.11163,1.11164,1.11901,1.11121,1.11753,1.1175700000000002,1.11914,1.11354,1.11372
135,EURUSD,11-08-2016 00:00,Buy,1.09094,1.09094,1.0953700000000002,1.08649,1.08914,1.0890600000000001,1.0923399999999999,1.08303,1.0851600000000001,1.0833,1.0840100000000001,1.07091,1.07364,1.07362,1.08166,1.07141,1.07206
359,EURUSD,11-08-2016 00:00,Buy,1.09094,1.09094,1.0953700000000002,1.08649,1.08914,1.0890600000000001,1.0923399999999999,1.08303,1.0851600000000001,1.0833,1.0840100000000001,1.07091,1.07364,1.07362,1.08166,1.07141,1.07206
58,EURUSD,28-08-2016 21:00,Sell,1.11885,1.11885,1.11923,1.11321,1.1143,1.11427,1.11654,1.11232,1.11574,1.11573,1.12051,1.11276,1.11965,1.11962,1.12521,1.11503,1.11539
132,EURUSD,28-08-2016 21:00,Sell,1.11885,1.11885,1.11923,1.11321,1.1143,1.11427,1.1165399999999999,1.11232,1.11574,1.1157299999999999,1.1205100000000001,1.11276,1.11965,1.11962,1.12521,1.11503,1.1153899999999999
282,EURUSD,28-08-2016 21:00,Sell,1.11885,1.11885,1.11923,1.11321,1.1143,1.11427,1.11654,1.11232,1.11574,1.11573,1.12051,1.11276,1.11965,1.11962,1.12521,1.11503,1.11539
356,EURUSD,28-08-2016 21:00,Sell,1.11885,1.11885,1.11923,1.11321,1.1143,1.11427,1.1165399999999999,1.11232,1.11574,1.1157299999999999,1.1205100000000001,1.11276,1.11965,1.11962,1.12521,1.11503,1.1153899999999999
283,EURUSD,01-11-2016 00:00,Buy,1.10972,1.10968,1.11259,1.10596,1.11042,1.11042,1.11412,1.10798,1.11378,1.10637,1.11103,1.10274,1.10401,1.10401,1.10669,1.10088,1.10256
59,EURUSD,01-11-2016 00:00,Buy,1.10972,1.10968,1.11259,1.10596,1.11042,1.11042,1.11412,1.10798,1.11378,1.10637,1.11103,1.10274,1.10401,1.10401,1.10669,1.10088,1.10256
60,EURUSD,07-11-2016 22:00,Sell,1.10256,1.10256,1.12995,1.0907,1.09094,1.09094,1.0953700000000002,1.08649,1.08914,1.08906,1.09234,1.08303,1.08516,1.0833,1.08401,1.07091,1.07364
284,EURUSD,07-11-2016 22:00,Sell,1.10256,1.10256,1.12995,1.0907,1.09094,1.09094,1.0953700000000002,1.08649,1.08914,1.08906,1.09234,1.08303,1.08516,1.0833,1.08401,1.07091,1.07364
61,EURUSD,08-11-2016 00:00,Buy,1.09094,1.09094,1.0953700000000002,1.08649,1.08914,1.08906,1.09234,1.08303,1.08516,1.0833,1.08401,1.07091,1.07364,1.07362,1.08166,1.07141,1.07206
285,EURUSD,08-11-2016 00:00,Buy,1.09094,1.09094,1.0953700000000002,1.08649,1.08914,1.08906,1.09234,1.08303,1.08516,1.0833,1.08401,1.07091,1.07364,1.07362,1.08166,1.07141,1.07206
214,EURJPY,12-11-2016 00:00,Buy,122.31700000000001,122.31700000000001,122.79899999999999,122.09100000000001,122.367,122.387,123.415,122.132,123.27799999999999,123.279,124.094,122.566,123.046,123.046,123.632,122.835,123.182
286,EURUSD,13-11-2016 22:00,Sell,1.07364,1.07362,1.08166,1.07141,1.07206,1.07206,1.07595,1.06661,1.06906,1.06904,1.07455,1.06199,1.06262,1.0626799999999998,1.06428,1.05692,1.05866
136,EURUSD,13-11-2016 22:00,Sell,1.07364,1.07362,1.08166,1.07141,1.07206,1.07206,1.07595,1.06661,1.0690600000000001,1.06904,1.07455,1.06199,1.0626200000000001,1.0626799999999998,1.06428,1.05692,1.05866
360,EURUSD,13-11-2016 22:00,Sell,1.07364,1.07362,1.08166,1.07141,1.07206,1.07206,1.07595,1.06661,1.0690600000000001,1.06904,1.07455,1.06199,1.0626200000000001,1.0626799999999998,1.06428,1.05692,1.05866
62,EURUSD,13-11-2016 22:00,Sell,1.07364,1.07362,1.08166,1.07141,1.07206,1.07206,1.07595,1.06661,1.06906,1.06904,1.07455,1.06199,1.06262,1.0626799999999998,1.06428,1.05692,1.05866
63,EURUSD,09-01-2017 00:00,Buy,1.0554,1.05548,1.06229,1.04538,1.0582200000000002,1.05824,1.06847,1.05714,1.06123,1.06121,1.06734,1.05961,1.0642,1.06039,1.06358,1.05793,1.05986
287,EURUSD,09-01-2017 00:00,Buy,1.0554,1.05548,1.06229,1.04538,1.0582200000000002,1.05824,1.06847,1.05714,1.06123,1.06121,1.06734,1.05961,1.0642,1.06039,1.06358,1.05793,1.05986
64,EURUSD,10-01-2017 22:00,Sell,1.0582200000000002,1.05824,1.06847,1.05714,1.06123,1.06121,1.06734,1.05961,1.0642,1.06039,1.06358,1.05793,1.05986,1.05986,1.07191,1.05974,1.07135
288,EURUSD,10-01-2017 22:00,Sell,1.0582200000000002,1.05824,1.06847,1.05714,1.06123,1.06121,1.06734,1.05961,1.0642,1.06039,1.06358,1.05793,1.05986,1.05986,1.07191,1.05974,1.07135
289,EURUSD,30-03-2017 21:00,Sell,1.06528,1.06594,1.06809,1.06423,1.06691,1.0668799999999998,1.0677,1.06355,1.06729,1.06729,1.06889,1.06349,1.06627,1.06625,1.0684,1.06289,1.06438
65,EURUSD,30-03-2017 21:00,Sell,1.06528,1.06594,1.06809,1.06423,1.06691,1.0668799999999998,1.0677,1.06355,1.06729,1.06729,1.06889,1.06349,1.06627,1.06625,1.0684,1.06289,1.06438
139,EURUSD,30-03-2017 21:00,Sell,1.06528,1.0659399999999999,1.06809,1.06423,1.06691,1.0668799999999998,1.0677,1.06355,1.06729,1.06729,1.06889,1.06349,1.06627,1.06625,1.0684,1.06289,1.0643799999999999
363,EURUSD,30-03-2017 21:00,Sell,1.06528,1.0659399999999999,1.06809,1.06423,1.06691,1.0668799999999998,1.0677,1.06355,1.06729,1.06729,1.06889,1.06349,1.06627,1.06625,1.0684,1.06289,1.0643799999999999
215,EURJPY,23-04-2017 00:00,Buy,119.28200000000001,119.27600000000001,121.645,119.064,121.32799999999999,121.32799999999999,121.975,120.913,121.088,121.083,121.889,120.60600000000001,120.95100000000001,120.947,121.999,120.693,121.439
216,EURJPY,06-05-2017 21:00,Sell,123.384,123.384,123.735,122.631,123.60700000000001,123.59100000000001,124.03200000000001,123.162,123.351,123.351,123.86399999999999,122.816,123.47399999999999,123.62799999999999,123.73700000000001,122.794,123.167
217,EURJPY,08-08-2017 21:00,Sell,129.425,129.428,129.55100000000002,128.22799999999998,128.535,128.537,129.16299999999998,128.049,129.043,129.013,129.65,128.91899999999998,129.111,129.121,130.033,129.072,129.85299999999998
218,EURJPY,15-08-2017 00:00,Buy,129.658,129.655,129.702,128.365,128.43200000000002,128.436,128.78799999999998,127.561,128.409,128.533,128.78799999999998,127.835,128.73,128.73,129.18200000000002,128.329,128.85399999999998
219,EURJPY,16-08-2017 21:00,Sell,128.43200000000002,128.436,128.78799999999998,127.561,128.409,128.533,128.78799999999998,127.835,128.73,128.73,129.18200000000002,128.329,128.85399999999998,128.85399999999998,129.119,128.485,128.74
137,EURUSD,01-09-2017 00:00,Buy,1.0554,1.05548,1.06229,1.04538,1.0582200000000002,1.05824,1.06847,1.05714,1.06123,1.06121,1.06734,1.05961,1.0642,1.06039,1.06358,1.05793,1.05986
361,EURUSD,01-09-2017 00:00,Buy,1.0554,1.05548,1.06229,1.04538,1.0582200000000002,1.05824,1.06847,1.05714,1.06123,1.06121,1.06734,1.05961,1.0642,1.06039,1.06358,1.05793,1.05986
140,EURUSD,24-09-2017 21:00,Sell,1.18476,1.18476,1.18615,1.17574,1.17925,1.1792799999999999,1.1795,1.17171,1.17446,1.17446,1.1804,1.17212,1.17855,1.17862,1.18325,1.17726,1.18137
290,EURUSD,24-09-2017 21:00,Sell,1.18476,1.18476,1.18615,1.17574,1.17925,1.17928,1.1795,1.17171,1.17446,1.17446,1.1804,1.17212,1.17855,1.17862,1.18325,1.17726,1.18137
66,EURUSD,24-09-2017 21:00,Sell,1.18476,1.18476,1.18615,1.17574,1.17925,1.17928,1.1795,1.17171,1.17446,1.17446,1.1804,1.17212,1.17855,1.17862,1.18325,1.17726,1.18137
364,EURUSD,24-09-2017 21:00,Sell,1.18476,1.18476,1.18615,1.17574,1.17925,1.1792799999999999,1.1795,1.17171,1.17446,1.17446,1.1804,1.17212,1.17855,1.17862,1.18325,1.17726,1.18137
138,EURUSD,01-10-2017 22:00,Sell,1.0582200000000002,1.05824,1.06847,1.05714,1.06123,1.06121,1.06734,1.05961,1.0642,1.06039,1.06358,1.05793,1.05986,1.05986,1.0719100000000001,1.05974,1.07135
362,EURUSD,01-10-2017 22:00,Sell,1.0582200000000002,1.05824,1.06847,1.05714,1.06123,1.06121,1.06734,1.05961,1.0642,1.06039,1.06358,1.05793,1.05986,1.05986,1.0719100000000001,1.05974,1.07135
365,EURUSD,13-11-2017 00:00,Buy,1.17975,1.17975,1.18604,1.17846,1.17907,1.17905,1.18008,1.17569,1.17697,1.1769399999999999,1.1821700000000002,1.1765299999999999,1.17879,1.1785700000000001,1.18085,1.1722299999999999,1.1732799999999999
67,EURUSD,13-11-2017 00:00,Buy,1.17975,1.17975,1.18604,1.17846,1.17907,1.17905,1.18008,1.17569,1.17697,1.17694,1.1821700000000002,1.17653,1.17879,1.17857,1.18085,1.17223,1.17328
291,EURUSD,13-11-2017 00:00,Buy,1.17975,1.17975,1.18604,1.17846,1.17907,1.17905,1.18008,1.17569,1.17697,1.17694,1.1821700000000002,1.17653,1.17879,1.17857,1.18085,1.17223,1.17328
141,EURUSD,13-11-2017 00:00,Buy,1.17975,1.17975,1.18604,1.17846,1.17907,1.17905,1.18008,1.17569,1.17697,1.1769399999999999,1.1821700000000002,1.1765299999999999,1.17879,1.1785700000000001,1.18085,1.1722299999999999,1.1732799999999999
223,EURJPY,10-01-2018 21:00,Sell,131.19899999999998,131.191,131.975,130.967,131.451,131.442,131.576,130.744,131.105,131.08700000000002,131.41299999999998,130.6,131.0,131.097,131.246,129.51,130.109
68,EURUSD,26-02-2018 22:00,Sell,1.22328,1.2233,1.22412,1.21878,1.21939,1.21936,1.2273,1.21546,1.22671,1.22658,1.23358,1.22514,1.23186,1.23248,1.23641,1.22688,1.23356
142,EURUSD,26-02-2018 22:00,Sell,1.22328,1.2233,1.22412,1.21878,1.21939,1.21936,1.2273,1.21546,1.22671,1.22658,1.23358,1.22514,1.23186,1.23248,1.23641,1.22688,1.23356
380,EURUSD,26-02-2018 22:00,Sell,1.22328,1.2233,1.22412,1.21878,1.21939,1.21936,1.2273,1.21546,1.22671,1.22658,1.23358,1.22514,1.23186,1.23248,1.23641,1.22688,1.23356
366,EURUSD,26-02-2018 22:00,Sell,1.22328,1.2233,1.22412,1.21878,1.21939,1.21936,1.2273,1.21546,1.22671,1.22658,1.23358,1.22514,1.23186,1.23248,1.23641,1.22688,1.23356
373,EURUSD,26-02-2018 22:00,Sell,1.22328,1.2233,1.22412,1.21878,1.21939,1.21936,1.2273,1.21546,1.22671,1.22658,1.23358,1.22514,1.23186,1.23248,1.23641,1.22688,1.23356
149,EURUSD,26-02-2018 22:00,Sell,1.22328,1.2233,1.22412,1.21878,1.21939,1.21936,1.2273,1.21546,1.22671,1.22658,1.23358,1.22514,1.23186,1.23248,1.23641,1.22688,1.23356
292,EURUSD,26-02-2018 22:00,Sell,1.22328,1.2233,1.22412,1.21878,1.21939,1.21936,1.2273,1.21546,1.22671,1.22658,1.23358,1.22514,1.23186,1.23248,1.23641,1.22688,1.23356
387,EURUSD,26-02-2018 22:00,Sell,1.22328,1.2233,1.22412,1.21878,1.21939,1.21936,1.2273,1.21546,1.22671,1.22658,1.23358,1.22514,1.23186,1.23248,1.23641,1.22688,1.23356
388,EURUSD,04-03-2018 00:00,Buy,1.23356,1.23356,1.24199,1.23281,1.24038,1.24037,1.2445,1.2384700000000002,1.2411,1.24108,1.2446,1.22979,1.23104,1.2310299999999998,1.2334200000000002,1.2273,1.23041
69,EURUSD,04-03-2018 00:00,Buy,1.23356,1.23356,1.24199,1.23281,1.24038,1.24037,1.2445,1.2384700000000002,1.2411,1.24108,1.2446,1.22979,1.23104,1.2310299999999998,1.2334200000000002,1.2273,1.23041
150,EURUSD,04-03-2018 00:00,Buy,1.23356,1.23356,1.24199,1.23281,1.24038,1.24037,1.2445,1.2384700000000002,1.2411,1.24108,1.2446,1.22979,1.23104,1.2310299999999998,1.2334200000000002,1.2273,1.23041
293,EURUSD,04-03-2018 00:00,Buy,1.23356,1.23356,1.24199,1.23281,1.24038,1.24037,1.2445,1.2384700000000002,1.2411,1.24108,1.2446,1.22979,1.23104,1.2310299999999998,1.2334200000000002,1.2273,1.23041
374,EURUSD,04-03-2018 00:00,Buy,1.23356,1.23356,1.24199,1.23281,1.24038,1.24037,1.2445,1.2384700000000002,1.2411,1.24108,1.2446,1.22979,1.23104,1.2310299999999998,1.2334200000000002,1.2273,1.23041
294,EURUSD,07-03-2018 22:00,Sell,1.23104,1.2310299999999998,1.2334200000000002,1.2273,1.23041,1.23094,1.23455,1.2290299999999998,1.23339,1.23332,1.24074,1.23145,1.23894,1.23893,1.24125,1.23471,1.23673
151,EURUSD,07-03-2018 22:00,Sell,1.23104,1.2310299999999998,1.2334200000000002,1.2273,1.23041,1.23094,1.23455,1.2290299999999998,1.23339,1.23332,1.24074,1.23145,1.23894,1.23893,1.24125,1.23471,1.23673
70,EURUSD,07-03-2018 22:00,Sell,1.23104,1.2310299999999998,1.2334200000000002,1.2273,1.23041,1.23094,1.23455,1.2290299999999998,1.23339,1.23332,1.24074,1.23145,1.23894,1.23893,1.24125,1.23471,1.23673
375,EURUSD,07-03-2018 22:00,Sell,1.23104,1.2310299999999998,1.2334200000000002,1.2273,1.23041,1.23094,1.23455,1.2290299999999998,1.23339,1.23332,1.24074,1.23145,1.23894,1.23893,1.24125,1.23471,1.23673
389,EURUSD,07-03-2018 22:00,Sell,1.23104,1.2310299999999998,1.2334200000000002,1.2273,1.23041,1.23094,1.23455,1.2290299999999998,1.23339,1.23332,1.24074,1.23145,1.23894,1.23893,1.24125,1.23471,1.23673
143,EURUSD,03-04-2018 00:00,Buy,1.23356,1.23356,1.24199,1.23281,1.24038,1.24037,1.2445,1.2384700000000002,1.2411,1.24108,1.2446,1.22979,1.23104,1.2310299999999998,1.2334200000000002,1.2273,1.23041
381,EURUSD,03-04-2018 00:00,Buy,1.23356,1.23356,1.24199,1.23281,1.24038,1.24037,1.2445,1.2384700000000002,1.2411,1.24108,1.2446,1.22979,1.23104,1.2310299999999998,1.2334200000000002,1.2273,1.23041
367,EURUSD,03-04-2018 00:00,Buy,1.23356,1.23356,1.24199,1.23281,1.24038,1.24037,1.2445,1.2384700000000002,1.2411,1.24108,1.2446,1.22979,1.23104,1.2310299999999998,1.2334200000000002,1.2273,1.23041
220,EURJPY,07-04-2018 00:00,Buy,129.322,129.321,129.967,129.208,129.715,129.68200000000002,130.27100000000002,129.59,130.245,130.245,130.74200000000002,130.097,130.34799999999998,130.35399999999998,130.958,129.909,130.748
369,EURUSD,07-05-2018 00:00,Buy,1.17444,1.17392,1.17906,1.17326,1.17503,1.1750200000000002,1.17624,1.16901,1.17441,1.1744,1.1758,1.1665299999999998,1.16726,1.1672799999999999,1.16955,1.16497,1.16707
145,EURUSD,07-05-2018 00:00,Buy,1.17444,1.17392,1.17906,1.17326,1.17503,1.1750200000000002,1.17624,1.16901,1.17441,1.1744,1.1758,1.1665299999999998,1.16726,1.1672799999999999,1.16955,1.16497,1.16707
383,EURUSD,07-05-2018 00:00,Buy,1.17444,1.17392,1.17906,1.17326,1.17503,1.1750200000000002,1.17624,1.16901,1.17441,1.1744,1.1758,1.1665299999999998,1.16726,1.1672799999999999,1.16955,1.16497,1.16707
224,EURJPY,11-06-2018 00:00,Buy,129.666,129.666,130.127,129.388,129.609,129.606,129.638,128.738,128.97,128.87,129.186,127.65,127.698,127.679,128.752,127.49799999999999,128.475
144,EURUSD,03-07-2018 22:00,Sell,1.23104,1.2310299999999998,1.2334200000000002,1.2273,1.23041,1.23094,1.23455,1.2290299999999998,1.23339,1.23332,1.24074,1.23145,1.23894,1.2389299999999999,1.24125,1.23471,1.2367299999999999
382,EURUSD,03-07-2018 22:00,Sell,1.23104,1.2310299999999998,1.2334200000000002,1.2273,1.23041,1.23094,1.23455,1.2290299999999998,1.23339,1.23332,1.24074,1.23145,1.23894,1.2389299999999999,1.24125,1.23471,1.2367299999999999
368,EURUSD,03-07-2018 22:00,Sell,1.23104,1.2310299999999998,1.2334200000000002,1.2273,1.23041,1.23094,1.23455,1.2290299999999998,1.23339,1.23332,1.24074,1.23145,1.23894,1.2389299999999999,1.24125,1.23471,1.2367299999999999
376,EURUSD,05-07-2018 00:00,Buy,1.17444,1.17392,1.17906,1.17326,1.17503,1.1750200000000002,1.17624,1.16901,1.17441,1.1744,1.1758,1.1665299999999998,1.16726,1.16728,1.16955,1.16497,1.16707
71,EURUSD,05-07-2018 00:00,Buy,1.17444,1.17392,1.17906,1.17326,1.17503,1.1750200000000002,1.17624,1.16901,1.17441,1.1744,1.1758,1.1665299999999998,1.16726,1.16728,1.16955,1.16497,1.16707
152,EURUSD,05-07-2018 00:00,Buy,1.17444,1.17392,1.17906,1.17326,1.17503,1.1750200000000002,1.17624,1.16901,1.17441,1.1744,1.1758,1.1665299999999998,1.16726,1.16728,1.16955,1.16497,1.16707
295,EURUSD,05-07-2018 00:00,Buy,1.17444,1.17392,1.17906,1.17326,1.17503,1.1750200000000002,1.17624,1.16901,1.17441,1.1744,1.1758,1.1665299999999998,1.16726,1.16728,1.16955,1.16497,1.16707
390,EURUSD,05-07-2018 00:00,Buy,1.17444,1.17392,1.17906,1.17326,1.17503,1.1750200000000002,1.17624,1.16901,1.17441,1.1744,1.1758,1.1665299999999998,1.16726,1.16728,1.16955,1.16497,1.16707
391,EURUSD,10-07-2018 21:00,Sell,1.16726,1.16728,1.16955,1.16497,1.16707,1.16705,1.16868,1.16129,1.16843,1.16896,1.17253,1.16756,1.17109,1.17108,1.17446,1.16496,1.1660700000000002
296,EURUSD,10-07-2018 21:00,Sell,1.16726,1.16728,1.16955,1.16497,1.16707,1.16705,1.16868,1.16129,1.16843,1.16896,1.17253,1.16756,1.17109,1.17108,1.17446,1.16496,1.1660700000000002
377,EURUSD,10-07-2018 21:00,Sell,1.16726,1.16728,1.16955,1.16497,1.16707,1.16705,1.16868,1.16129,1.16843,1.16896,1.17253,1.16756,1.17109,1.17108,1.17446,1.16496,1.1660700000000002
153,EURUSD,10-07-2018 21:00,Sell,1.16726,1.16728,1.16955,1.16497,1.16707,1.16705,1.16868,1.16129,1.16843,1.16896,1.17253,1.16756,1.17109,1.17108,1.17446,1.16496,1.1660700000000002
72,EURUSD,10-07-2018 21:00,Sell,1.16726,1.16728,1.16955,1.16497,1.16707,1.16705,1.16868,1.16129,1.16843,1.16896,1.17253,1.16756,1.17109,1.17108,1.17446,1.16496,1.1660700000000002
221,EURJPY,22-07-2018 21:00,Sell,130.188,130.184,130.375,129.74200000000002,129.929,129.929,130.268,129.408,130.14700000000002,130.14600000000002,130.276,129.444,129.509,129.502,129.52200000000002,129.127,129.375
392,EURUSD,20-08-2018 00:00,Buy,1.15701,1.15701,1.16229,1.15531,1.15962,1.15961,1.1599700000000002,1.15298,1.15377,1.15375,1.1639700000000002,1.15347,1.16205,1.16141,1.16935,1.15943,1.1677799999999998
371,EURUSD,20-08-2018 00:00,Buy,1.15701,1.15701,1.16229,1.15531,1.15962,1.15961,1.1599700000000002,1.15298,1.15377,1.15375,1.1639700000000002,1.15347,1.16205,1.16141,1.16935,1.15943,1.1677799999999998
378,EURUSD,20-08-2018 00:00,Buy,1.15701,1.15701,1.16229,1.15531,1.15962,1.15961,1.1599700000000002,1.15298,1.15377,1.15375,1.1639700000000002,1.15347,1.16205,1.16141,1.16935,1.15943,1.1677799999999998
297,EURUSD,20-08-2018 00:00,Buy,1.15701,1.15701,1.16229,1.15531,1.15962,1.15961,1.1599700000000002,1.15298,1.15377,1.15375,1.1639700000000002,1.15347,1.16205,1.16141,1.16935,1.15943,1.1677799999999998
73,EURUSD,20-08-2018 00:00,Buy,1.15701,1.15701,1.16229,1.15531,1.15962,1.15961,1.1599700000000002,1.15298,1.15377,1.15375,1.1639700000000002,1.15347,1.16205,1.16141,1.16935,1.15943,1.1677799999999998
385,EURUSD,20-08-2018 00:00,Buy,1.15701,1.15701,1.16229,1.15531,1.15962,1.15961,1.1599700000000002,1.15298,1.15377,1.15375,1.1639700000000002,1.15347,1.16205,1.16141,1.16935,1.15943,1.1677799999999998
147,EURUSD,20-08-2018 00:00,Buy,1.15701,1.15701,1.16229,1.15531,1.15962,1.15961,1.1599700000000002,1.15298,1.15377,1.15375,1.1639700000000002,1.15347,1.16205,1.16141,1.16935,1.15943,1.1677799999999998
154,EURUSD,20-08-2018 00:00,Buy,1.15701,1.15701,1.16229,1.15531,1.15962,1.15961,1.1599700000000002,1.15298,1.15377,1.15375,1.1639700000000002,1.15347,1.16205,1.16141,1.16935,1.15943,1.1677799999999998
222,EURJPY,23-08-2018 00:00,Buy,129.289,129.299,129.834,128.79399999999998,129.71,129.709,130.273,129.63299999999998,130.024,130.023,130.85,129.582,130.735,130.735,130.864,129.414,129.511
146,EURUSD,07-10-2018 21:00,Sell,1.16726,1.1672799999999999,1.16955,1.16497,1.16707,1.16705,1.16868,1.16129,1.1684299999999999,1.16896,1.1725299999999999,1.16756,1.17109,1.17108,1.17446,1.16496,1.1660700000000002
384,EURUSD,07-10-2018 21:00,Sell,1.16726,1.1672799999999999,1.16955,1.16497,1.16707,1.16705,1.16868,1.16129,1.1684299999999999,1.16896,1.1725299999999999,1.16756,1.17109,1.17108,1.17446,1.16496,1.1660700000000002
370,EURUSD,07-10-2018 21:00,Sell,1.16726,1.1672799999999999,1.16955,1.16497,1.16707,1.16705,1.16868,1.16129,1.1684299999999999,1.16896,1.1725299999999999,1.16756,1.17109,1.17108,1.17446,1.16496,1.1660700000000002
298,EURUSD,18-11-2018 00:00,Buy,1.14526,1.14517,1.14723,1.1358700000000002,1.13696,1.13696,1.14245,1.13634,1.13838,1.13837,1.1434,1.13794,1.14002,1.14008,1.14209,1.13275,1.13355
379,EURUSD,18-11-2018 00:00,Buy,1.14526,1.14517,1.14723,1.1358700000000002,1.13696,1.13696,1.14245,1.13634,1.13838,1.13837,1.1434,1.13794,1.14002,1.14008,1.14209,1.13275,1.13355
155,EURUSD,18-11-2018 00:00,Buy,1.14526,1.14517,1.14723,1.1358700000000002,1.13696,1.13696,1.14245,1.13634,1.13838,1.13837,1.1434,1.13794,1.14002,1.14008,1.14209,1.13275,1.13355
74,EURUSD,18-11-2018 00:00,Buy,1.14526,1.14517,1.14723,1.1358700000000002,1.13696,1.13696,1.14245,1.13634,1.13838,1.13837,1.1434,1.13794,1.14002,1.14008,1.14209,1.13275,1.13355
372,EURUSD,18-11-2018 00:00,Buy,1.14526,1.14517,1.14723,1.1358700000000002,1.13696,1.13696,1.14245,1.13634,1.13838,1.13837,1.1434,1.13794,1.14002,1.14008,1.14209,1.13275,1.13355
148,EURUSD,18-11-2018 00:00,Buy,1.14526,1.14517,1.14723,1.1358700000000002,1.13696,1.13696,1.14245,1.13634,1.13838,1.13837,1.1434,1.13794,1.14002,1.14008,1.14209,1.13275,1.13355
386,EURUSD,18-11-2018 00:00,Buy,1.14526,1.14517,1.14723,1.1358700000000002,1.13696,1.13696,1.14245,1.13634,1.13838,1.13837,1.1434,1.13794,1.14002,1.14008,1.14209,1.13275,1.13355
393,EURUSD,18-11-2018 00:00,Buy,1.14526,1.14517,1.14723,1.1358700000000002,1.13696,1.13696,1.14245,1.13634,1.13838,1.13837,1.1434,1.13794,1.14002,1.14008,1.14209,1.13275,1.13355
