Date,Open,High,Low,Close,Volume,ADL,OBV,+DI14,-DI14,ADX,MACD Line,Signal Line,MACD Histogram,RSI
2010-01-05,11.2,11.25,11.15,11.15,5403,-5403.0,0,0,0,0,0.0,11.15,-11.15,0.0
2010-01-06,11.0,12.2,11.0,11.6,6,0.0,6,0,0,0,0.010096153846152589,11.4,-11.389903846153848,0.0
2010-01-07,11.2,11.25,11.15,11.2,14550,-5.169198402654747e-10,-14544,0,0,0,0.00046052788834316516,11.318032786885245,-11.317572258996902,0.0
2010-01-08,11.25,11.25,11.25,11.25,5000,,-9544,0,0,0,-0.0021279991040721313,11.2949864498645,-11.297114448968571,0.0
2010-01-11,11.2,11.35,11.2,11.3,20050,13366.6666666673,10506,0,0,0,-0.0015001511445422722,11.296477867682057,-11.2979780188266,0.0
2010-01-12,11.25,11.25,11.15,11.2,60752,-2.158344614144888e-09,-50246,0,0,0,-0.00537059007216989,11.270327001474545,-11.275697591546715,0.0
2010-01-13,11.15,11.25,11.15,11.2,21240,-7.545963853772291e-10,-50246,0,0,0,-0.007760233717306164,11.252529113555013,-11.26028934727232,0.0
2010-01-14,11.5,11.5,11.2,11.2,5110,-10220.0,-50246,0,0,0,-0.009237788895813281,11.239905379757545,-11.249143168653358,0.0
2010-01-15,11.2,11.2,11.2,11.2,4000,,-50246,0,0,0,-0.010120411174273869,11.23068703906194,-11.240807450236215,0.0
2010-01-18,11.2,11.25,11.2,11.25,2000,4000.0,-48246,0,0,0,-0.008023812040617528,11.23501426342791,-11.243038075468528,0.0
2010-01-19,11.25,11.6,11.25,11.25,4000,-8000.0,-48246,0,0,0,-0.006396248862241549,11.238293056962343,-11.244689305824584,0.0
2010-01-20,11.5,11.5,11.25,11.25,25300,-50600.0,-48246,0,0,0,-0.005115981387124435,11.240807217356597,-11.245923198743721,0.0
2010-01-21,11.25,11.45,11.25,11.25,14010,-28020.0,-48246,0,0,0,-0.004098634759136743,11.242752729549164,-11.2468513643083,0.0
2010-01-22,11.15,11.15,11.15,11.15,20000,,-68246,0,0,0,-0.009079521646270905,11.223348789323207,-11.232428310969478,50.0
2010-01-27,11.15,11.25,11.15,11.15,31150,-62300.0,-68246,52.17391304347824,4.3478260869564815,0,-0.012720012585319296,11.208144062699528,-11.220864075284847,51.85185185185185
2010-01-28,11.15,11.15,11.15,11.15,380,,-68246,52.17391304347824,4.3478260869564815,0,-0.015322517913880063,11.196178448049118,-11.211500965962998,53.6986301369863
2010-01-29,11.1,11.1,11.1,11.1,6837,,-75083,51.311461583874475,5.928987096230058,0,-0.020211367392658275,11.176499630870735,-11.196710998263393,53.07885743761685
2010-02-01,11.45,11.5,11.4,11.4,21000,-42000.0,-54083,57.38104297161156,5.189871261208551,0,-0.00479235785624077,11.222019721753947,-11.226812079610188,61.774439249881794
2010-02-02,11.3,11.4,11.3,11.4,10500,21000.0,-54083,55.517719261838636,8.268622564021477,0,0.0071155877285207225,11.258136271742584,-11.251020684014064,63.50847281101367
2010-02-04,11.4,11.4,11.4,11.4,2774,,-54083,55.517719261838636,8.268622564021477,0,0.01620773822445898,11.286839948253169,-11.27063221002871,65.20814773678535
2010-02-05,11.4,11.4,11.35,11.35,8681,-17362.0,-62764,54.49162095632254,9.964034627074543,0,0.01973036066753764,11.299589552949977,-11.279859192282439,64.35945485020127
2010-02-08,11.2,11.2,11.2,11.2,10000,,-72764,51.42114944319235,15.037344284284648,0,0.012161075872072047,11.27952358162493,-11.267362505752859,59.19898933786049
2010-02-09,11.3,11.3,11.25,11.25,25500,-51000.0,-47264,53.30997928845529,14.452666294746038,0,0.009543464603529728,11.27358380303579,-11.26404033843226,58.88021856968009
2010-02-10,11.35,11.35,11.35,11.35,500,,-46764,53.1769519413225,13.871816782215591,0,0.014272470631762957,11.288939557930869,-11.274667087299106,59.98260903206314
2010-02-11,11.3,11.3,11.3,11.3,7000,,-53764,52.05054422596703,15.696205855758441,0,0.014306816652991827,11.29116003507015,-11.276853218417159,59.667228288451525
2010-02-16,11.3,11.3,11.3,11.3,200,,-53764,52.05054422596702,15.696205855758441,0,0.014165888680823358,11.292933387685531,-11.278767499004708,61.43717952883578
2010-02-18,11.25,11.25,11.25,11.25,200,,-53964,50.80250939024459,17.717588599017006,0,0.010346450806279606,11.284325898516627,-11.273979447710348,61.00126623522418
2010-02-19,10.35,11.05,10.35,11.05,616,1232.0,-54580,34.68240558363787,43.826555048939454,0,-0.007053204490828691,11.23736989268877,-11.244423097179599,54.959929524872166
2010-02-23,11.45,11.45,11.45,11.45,100,,-54480,25.84925879882345,58.1331833324025,63.36604038879328,0.00828766367100009,11.279961821969273,-11.271674158298273,62.74633118677722
2010-02-24,10.7,11.35,10.5,11.25,40000,61176.47058823535,-94480,20.045711900923532,67.53291258139896,62.71292065713359,0.00564150253027762,11.273962030192951,-11.268320527662674,58.31096268826881
2010-02-26,11.5,11.5,11.5,11.5,13350,,-81130,22.435834797148953,63.492996760365436,61.64631391155507,0.02179372013035774,11.319214439970311,-11.297420719839954,61.31376581120935
2010-03-02,11.5,11.5,11.25,11.25,10000,-20000.0,-91130,21.0779295474879,65.70254464644599,60.91603537836282,0.015759477687298684,11.305360575814241,-11.289601098126942,56.61232583477921
2010-03-04,11.25,11.25,11.25,11.25,10,,-91130,21.0779295474879,65.70254464644599,60.23791959754144,0.010860967081672612,11.294281438413805,-11.283420471332132,58.42292205322596
2010-03-05,12.2,12.2,12.2,12.2,1,,-91129,37.696469161932875,51.86762705347946,57.06537995786249,0.07764465339587723,11.475517048102807,-11.39787239470693,69.40659140383733
2010-03-10,11.4,12.05,11.4,12.05,51,102.0,-91180,31.652135062068197,59.58527673197634,55.17613036483704,0.11775113831905237,11.590460264990368,-11.472709126671315,67.73304607266903
2010-03-12,11.55,11.55,11.55,11.55,5000,,-96180,28.568904027312065,53.7810814044161,53.42182717131342,0.11016732156326192,11.582365585118488,-11.472198263555226,60.02514281460741
2010-03-16,11.5,11.55,11.5,11.55,1696,3392.0,-96180,28.27231903254695,54.26089812110273,51.855170205575654,0.10296662729295392,11.57589078714113,-11.472924159848176,61.78944586755018
2010-03-18,11.6,11.6,11.6,11.6,1,,-96179,29.065365461106467,53.660970577301356,50.274892896264014,0.0999404787085254,11.580713631378464,-11.480773152669938,60.59473860601797
2010-03-22,11.75,11.75,11.75,11.75,4275,,-91904,31.51179953578917,51.810280463026146,48.42393389549651,0.10784299587379209,11.614576531542136,-11.506733535668344,60.57362962581355
2010-03-23,11.65,11.7,11.65,11.7,25725,51450.0,-117629,30.75038842173909,52.97467566034692,46.861107599751094,0.10897090914456875,11.631663496480924,-11.522692587336355,61.42779596560369
2010-03-25,11.75,11.75,11.6,11.6,37350,-74700.0,-154979,29.595224573130256,52.236832343275964,45.490198773590485,0.10093993866537332,11.625330123705028,-11.524390185039655,61.34415544055081
2010-03-26,11.6,11.6,11.6,11.6,1000,,-154979,29.595224573130253,52.236832343275964,44.21721200644135,0.0934953710316968,11.620263667957635,-11.526768296925939,63.08604424057524
2010-03-29,11.4,11.4,11.4,11.4,450,,-155429,27.97042374303274,54.859067368557405,43.37760007487989,0.07117936385795787,11.576207936088364,-11.505028572230406,61.06928649501276
2010-03-30,11.6,11.75,11.6,11.75,2100,4200.0,-153329,34.72429525027231,49.715192987116794,41.54730156105655,0.07993769845091236,11.610968241401725,-11.531030542950813,63.168360925353305
2010-04-06,11.75,11.75,11.75,11.75,2500,,-153329,34.72429525027232,49.715192987116794,39.84773865536346,0.08588049973277911,11.638775804311567,-11.552895304578788,64.87511581875494
2010-04-07,11.75,11.75,11.75,11.75,2000,,-153329,34.72429525027231,49.715192987116794,38.26957310007701,0.08955120288743501,11.661021418595778,-11.571470215708343,66.54466851479899
2010-04-08,11.8,11.8,11.8,11.8,300,,-153029,35.79839308813592,48.89714006066936,36.64072416990673,0.09529051292740576,11.688817909729705,-11.5935273968023,65.39556148306616
2010-04-09,11.8,11.85,11.7,11.7,96301,-192602.0,-249330,33.99135744264137,49.79411238849275,35.370741952272404,0.09090192700198862,11.691054377658666,-11.600152450656678,65.07561342542158
2010-04-16,11.4,11.4,11.4,11.4,4500,,-253830,30.658139838851188,54.71733879046792,34.85715007860086,0.06300460225324933,11.632842463591683,-11.569837861338433,61.18883156159263
2010-04-19,11.5,11.8,11.5,11.8,6500,13000.0,-247330,39.21673705863807,47.96378959871118,33.08401537049495,0.07171249836435933,11.666274448030572,-11.594561949666213,63.63287091329553
2010-04-20,11.8,11.85,11.4,11.85,9868,19736.0,-237462,34.115290105642885,44.615238691435096,31.673483240904908,0.08162876591230273,11.703019977984242,-11.62139121207194,62.412742405761044
2010-04-22,11.85,11.85,11.85,11.85,500,,-237462,34.115290105642885,44.6152386914351,30.363703406285577,0.08846301280056146,11.732416250904276,-11.643953238103714,64.13463163429671
2010-04-23,11.4,11.45,11.4,11.45,5000,10000.0,-242462,29.643147886799337,51.8755764626105,30.142923708444872,0.061397980229489946,11.67593258796859,-11.6145346077391,59.123411849784326
2010-04-26,11.55,11.8,11.55,11.8,9000,18000.0,-233462,36.60408955682119,46.74312879036398,28.85877345611964,0.067010600273127,11.700746215435503,-11.633735615162376,60.950995505471376
2010-04-28,11.6,11.6,11.6,11.6,5490,,-238952,34.50336240417002,44.06051706477089,27.666348221817636,0.05490231638014187,11.680596878113876,-11.625694561733734,59.71434877667923
2010-04-29,11.6,11.6,11.6,11.6,3000,,-238952,34.50336240417002,44.06051706477089,26.559096218537203,0.0447906289085207,11.664477442181129,-11.619686813272608,61.4835670172673
2010-04-30,11.7,11.7,11.6,11.6,5000,-10000.0,-238952,36.6128672064491,42.64142326468013,25.205346416473816,0.03635834476468425,11.651581915146588,-11.615223570381904,63.22293996742932
2010-05-03,11.6,11.6,11.6,11.6,1000,,-238952,36.6128672064491,42.64142326468013,23.94829302884353,0.029337840042378716,11.641265507414381,-11.611927667372003,64.92856990545934
2010-05-04,11.55,11.55,11.55,11.55,2100,,-241052,35.941595660753926,43.69305301678026,22.932970297403156,0.01955429176476109,11.623012370965444,-11.603458079200683,65.72434219100757
2010-05-05,11.65,11.65,11.65,11.65,3000,,-238052,38.375117678545365,42.03319264970396,21.61985629457021,0.01957096677498882,11.628409905044052,-11.608838938269063,64.9983342339056
2010-05-06,11.65,11.7,11.65,11.65,10290,-20580.0,-238052,39.610427255135384,41.19061083114599,20.215269960472636,0.019360694397990486,11.632727929329125,-11.613367234931134,66.66503954273288
2010-05-11,11.7,11.7,11.6,11.6,3300,-6600.0,-241352,37.97102074114223,41.55521608760277,19.0932459938255,0.015017834499087002,11.6261823370434,-11.611164502544312,67.34442069825488
2010-05-12,11.7,11.7,11.65,11.7,5067,10134.0,-236285,36.3507942908695,39.782051739166356,18.051366596224593,0.019363402884854608,11.640945881218752,-11.621582478333897,66.66510861777327
2010-05-13,11.65,11.65,11.65,11.65,1500,,-237785,35.534350087116906,38.888540986803335,17.083907155595178,0.018585129109162324,11.642756706111674,-11.624171577002512,67.31536788072123
2010-05-14,11.65,11.7,11.65,11.7,3000,6000.0,-234785,37.05681058793663,37.97012524653039,15.950579193477012,0.021727103869389808,11.654205370638493,-11.632478266769104,66.17220371055338
2010-05-17,11.25,11.25,11.25,11.25,500,,-235285,30.154467726161048,47.45444834884523,16.403482697335228,-0.01174907842054651,11.573364264034133,-11.58511334245468,59.67190147779208
2010-05-18,11.75,11.75,11.6,11.6,547,-1094.0,-234738,42.884383578341826,38.80548950171329,15.588458599130576,-0.010070220570826294,11.578691412939387,-11.588761633510213,61.61889279076742
2010-05-19,11.6,11.8,11.55,11.8,9000,18000.0,-225738,40.83924144630279,35.33750264234848,14.99087826270232,0.007235191410165598,11.622953141731646,-11.61571795032148,61.87639427757505
2010-05-21,10.7,10.7,10.7,10.7,500,,-226238,28.689940606651497,47.81284845607321,15.705555089449943,-0.06663620284613536,11.438362475417218,-11.504998678263354,49.49640889800234
2010-05-25,11.55,11.55,11.55,11.55,1625,,-224613,42.84048317706395,38.32501808198365,14.981106956482508,-0.05623140615692179,11.460689984007777,-11.516921390164699,55.54581652938751
2010-05-26,11.7,11.7,11.7,11.7,2000,,-222613,44.91774399848656,36.932230616886095,14.607905090204042,-0.03551999889820756,11.508551993506792,-11.544071992405,54.95820529670729
2010-06-07,11.75,11.75,11.6,11.65,4038,-2691.9999999999363,-226651,43.226009112551154,38.05211728752395,14.019173530408212,-0.022862949487535644,11.536841597784676,-11.559704547272212,56.262298969195996
2010-06-08,11.65,11.7,11.55,11.7,48213,96426.0,-178438,41.5410978890183,37.8681833040479,13.348182303270942,-0.008711072653326823,11.569473280976954,-11.57818435363028,54.86398285926162
2010-06-09,11.6,11.7,11.55,11.65,23197,15464.666666667033,-201635,39.867557510528606,36.342611351455695,12.725119020929194,-0.0015007022435344908,11.585578625867061,-11.587079328110596,56.14052547482577
2010-06-10,11.6,11.6,11.2,11.2,212236,-424472.0,-413871,35.2761546454264,41.114550083733455,12.362096856202845,-0.03162824551353438,11.508462896535576,-11.54009114204911,53.15449088865877
2010-06-11,11.2,11.2,11.2,11.2,138,,-413871,35.2761546454264,41.114550083733455,12.025004846099806,-0.05487101464633959,11.446770314567297,-11.501641329213637,54.994671890901955
2010-06-14,11.45,11.45,11.45,11.45,15000,,-398871,39.74711174841857,38.27446249737058,11.300896628096393,-0.052561442612033105,11.447416251676128,-11.49997769428816,55.36689401165958
2010-06-15,11.1,11.3,11.1,11.3,14490,28980.0,-413361,35.99800861849035,44.09665675672621,11.215928672100315,-0.062091125009064996,11.417933000526958,-11.480024125536023,55.563823446184216
2010-06-16,11.1,11.1,11.1,11.1,10,,-413371,34.02312010329553,41.677467909079375,11.137029855818241,-0.08476984996625525,11.354346399017219,-11.439116248983474,55.22274708065469
2010-06-18,11.2,11.2,11.0,11.0,19695,-39390.0,-433066,32.1251310678392,42.1417426319103,11.304907786178642,-0.1095327780996751,11.283477117961622,-11.393009896061297,55.95814206010085
2010-06-21,11.05,11.05,11.05,11.05,68,,-432998,31.64977948810727,41.51817649328716,11.460794435799015,-0.12370352799487883,11.236781693709267,-11.360485221704145,54.57618114918268
2010-06-22,11.05,11.1,11.05,11.1,10000,20000.0,-422998,32.72186313788784,40.86695755275115,11.432765231526892,-0.12941373639682574,11.209425354658071,-11.338839091054897,53.21294480719172
2010-06-23,11.1,11.1,11.1,11.1,50,,-422998,32.721863137887844,40.86695755275115,11.406738113274205,-0.13241228082257095,11.187540283528481,-11.319952564351052,55.05277126999627
2010-06-24,11.2,11.3,11.05,11.3,11499,22998.0,-411499,36.663544477360865,37.45979020906922,10.668700916871543,-0.11732086562785149,11.21003222698556,-11.32735309261341,55.17133826278385
2010-06-25,11.3,11.3,11.15,11.2,23723,-15815.333333334083,-435222,34.78939605767229,35.544939705033975,9.983380663069072,-0.11212655616703238,11.20802578157683,-11.320152337743862,55.79014451396024
2010-06-28,11.25,11.3,11.25,11.3,6500,13000.0,-428722,33.55783241953191,34.28662940875743,9.347011855966775,-0.09881164122935893,11.226420625346663,-11.325232266576021,54.94828252013037
2010-07-13,11.3,11.3,11.2,11.2,7500,-15000.0,-436222,32.3254671198688,34.86368135941093,8.949204905691461,-0.09522166271040966,11.22113650025775,-11.316358162968159,55.53771869175652
2010-07-14,11.25,11.3,11.25,11.3,22542,45084.0,-413680,31.095679014395138,33.53732958575089,8.579812737578669,-0.0833549813121337,11.236909200252954,-11.320264181565088,54.72863276040385
2010-07-15,11.15,11.25,11.15,11.25,10726,21452.0,-424406,29.295317852035787,35.45543440628175,8.64651061291727,-0.07709245434722156,11.239527360208573,-11.316619814555795,55.916261631232544
2010-07-16,11.2,11.25,11.2,11.25,1300,2600.0,-424406,28.69884936400765,34.73354261935834,8.708444354303115,-0.0713072981775067,11.241621888170833,-11.31292918634834,57.734218918170974
2010-07-19,11.0,11.0,11.0,11.0,1000,,-425406,25.863354704072535,39.20594485921821,9.551069773055476,-0.08588827410289568,11.193297510463324,-11.27918578456622,56.14291980663906
2010-07-21,11.2,11.2,11.2,11.2,2000,,-423406,31.67894228738957,36.130467068102035,9.337761910961413,-0.08039114445452356,11.194638008372289,-11.275029152826813,56.37995545923444
2010-07-22,11.2,11.2,11.2,11.2,5000,,-423406,31.67894228738957,36.130467068102035,9.139690324731212,-0.07516807115103674,11.195710406698874,-11.27087847784991,58.193087656035104
2010-07-27,11.2,11.2,11.2,11.2,100,,-423406,31.67894228738957,36.130467068102035,8.955766708946026,-0.07021924608600294,11.196568325359765,-11.266787571445768,59.98434497929182
2010-07-30,11.25,11.25,11.2,11.2,4000,-8000.0,-423406,33.312370341715294,35.26665552154811,8.519617907822356,-0.0655416929126229,11.19725466028824,-11.262796353200862,61.74930121882195
2010-08-03,11.25,11.25,11.25,11.25,2000,,-421406,32.476198948204335,34.38142975738217,8.114622592493234,-0.05714367438453216,11.207803728235838,-11.26494740262037,60.49682031638958
2010-08-04,11.2,11.2,11.2,11.2,10900,,-432306,31.621416159588257,36.10852918014532,8.008221415541408,-0.053899292191903925,11.206242982588051,-11.260142274779955,61.44364761970828
2010-08-09,11.2,11.2,11.2,11.2,5000,,-432306,31.621416159588257,36.10852918014532,7.909420322657569,-0.050743127522387965,11.204994386070043,-11.25573751359243,63.18374382809552
2010-08-11,12.0,12.0,11.05,11.05,9540,-19080.0,-441846,50.92587284734499,22.85377861398618,10.062215944123238,-0.059652407177761546,11.17399550884814,-11.233647916025902,62.32185058667577
2010-08-12,11.25,11.25,11.25,11.25,5000,,-436846,47.013207393939595,21.097909051754797,12.06124044976993,-0.050005047499798394,11.189196407081608,-11.239201454581407,62.63042149934492
2010-08-16,11.2,11.2,11.2,11.2,5000,,-441846,46.06043973627205,22.69693546465002,13.626839971447156,-0.04586376378041379,11.191357125665638,-11.237220889446052,63.494414322000594
2010-08-17,11.2,11.2,11.2,11.2,5000,,-441846,46.06043973627205,22.69693546465002,15.080610955861724,-0.04209648884460471,11.193085700532736,-11.23518218937734,65.19438518932444
2010-08-19,11.2,11.2,11.2,11.2,21225,,-441846,46.06043973627205,22.69693546465002,16.430541155675254,-0.03866517484116194,11.194468560426332,-11.233133735267494,66.85651527375468
2010-08-24,11.35,11.35,11.25,11.25,7000,-14000.0,-434846,49.8672722134233,21.095079041716993,18.153053620888585,-0.0315488170369953,11.205574848341993,-11.237123665378988,65.6975544405982
2010-08-25,11.2,11.2,11.2,11.2,5000,,-439846,48.635104994187465,23.044735654677275,19.406473322926775,-0.02960125437315142,11.204459878673521,-11.234061133046673,66.36419557967822
2010-08-26,11.2,11.25,11.2,11.25,15235,30470.0,-424611,49.9664781474302,22.447418316235506,20.734757867892565,-0.023750497808821436,11.213567902939303,-11.237318400748125,65.2235362495532
2010-08-27,11.25,11.4,11.0,11.05,58265,-87397.4999999996,-482876,40.845313510862766,27.477023023586916,20.65131093057042,-0.03484640044760923,11.180854322350047,-11.215700722797656,62.98422295461799
2010-08-30,11.2,11.2,11.2,11.2,1850,,-481026,38.040922619844046,25.59048313794824,20.573824488771287,-0.031179538160873932,11.184683457880169,-11.215862996041043,62.93795335951432
2010-08-31,11.2,11.2,11.2,11.2,699,,-481026,38.04092261984405,25.59048313794824,20.501872792814947,-0.027951313681134238,11.18774676630422,-11.215698079985355,64.6494101115384
2010-09-01,11.2,11.2,11.2,11.2,14500,,-481026,38.04092261984405,25.59048313794824,20.43506050371263,-0.025103540796379775,11.19019741304343,-11.21530095383981,66.32412214119967
2010-09-02,12.3,12.3,12.3,12.3,1,,-481025,61.96161884980069,15.710701201157454,23.22871356456975,0.06514710357364173,11.412157930438628,-11.347010826864986,73.91626040918456
2010-09-03,11.15,12.25,11.15,11.5,27,-19.63636363636366,-481052,43.1887891431385,41.248262708069674,21.733676383079594,0.07130674085442834,11.429726344351149,-11.35841960349672,63.06756730291754
2010-09-06,11.2,11.2,11.2,11.2,200,,-481252,39.80105251819898,38.012741336351496,20.345427571695883,0.05139211566795154,11.383781075480403,-11.332388959812452,60.95724371895349
2010-09-07,11.25,11.25,11.2,11.2,10000,-20000.0,-481252,40.636827082344055,37.484989878039826,19.18036245939046,0.03520383950139738,11.347024860383994,-11.311821020882597,62.705967876943966
2010-09-09,11.2,11.2,11.2,11.2,501,,-481252,40.636827082344055,37.48498987803982,18.09851628367828,0.02211954711176567,11.317619888306986,-11.29550034119522,64.42208157677128
2010-09-14,11.15,11.35,11.1,11.35,10200,20400.0,-471052,42.07956722671574,34.692002388933574,17.493107069329973,0.02358059519062472,11.324095910645628,-11.300515315455003,63.88539338619049
2010-09-16,11.3,11.3,11.3,11.3,1,,-471053,41.41493219847798,34.14405188689622,16.930941370292256,0.02046841063793714,11.319276728516481,-11.298808317878544,64.87502724017423
2010-09-17,11.2,11.2,11.2,11.2,100,,-471153,40.05237447872096,36.310722836962995,16.071575308088583,0.00982046526813285,11.2954213828131,-11.285600917544967,65.11460367731758
2010-09-21,11.05,11.25,11.05,11.05,4100,-8200.0,-475253,37.40199875814992,38.87089866109131,15.061166199056577,-0.010598488852716414,11.246337106250333,-11.25693559510305,64.64172362515822
2010-09-22,11.3,11.3,11.3,11.3,50,,-475203,35.978642085610375,35.69154244196951,14.013981791313563,-0.006534230062618107,11.257069685000292,-11.26360391506291,64.89308070728967
2010-09-24,11.4,11.4,11.25,11.25,5650,-11300.0,-480853,37.5191101357548,33.89990933613028,13.374951576998553,-0.0072637895256999485,11.255655748000231,-11.262919537525931,65.84692034514691
2010-10-01,11.3,11.3,11.25,11.25,5000,-10000.0,-480853,36.85499474623827,33.29985641878018,12.781566377991757,-0.00775260184288129,11.254524598400183,-11.262277200243064,67.49342632035992
2010-10-04,11.35,11.35,11.3,11.3,188,-376.0,-480665,37.33773883089967,32.07693498239345,12.409940676289034,-0.004058907104266041,11.263619678720158,-11.267678585824424,66.23765085728084
2010-10-06,12.3,12.3,11.3,11.3,2000,-4000.0,-480665,53.67970463657845,22.98606403829389,14.383205793991113,-0.0011187333844873137,11.270895742976133,-11.27201447636062,67.87451007663685
2010-10-07,11.3,11.35,11.3,11.35,303,606.0,-480362,52.87284132961532,22.640558939680393,16.215523403285903,0.005185927029275561,11.286716594380918,-11.281530667351642,66.64856086408956
2010-10-08,11.35,11.35,11.35,11.35,120,,-480362,52.872841329615305,22.640558939680393,17.916961183345347,0.010066372675726853,11.299373275504742,-11.289306902829015,68.27504003716189
2010-10-11,12.35,12.35,12.35,12.35,2,,-480360,65.05604008384611,16.7875765564598,20.849782151846888,0.09354322765482692,11.509498620403896,-11.41595539274907,73.57542603186366
2010-10-13,11.45,11.45,11.45,11.45,100,,-480460,52.02139382280511,33.460040830531504,20.911504834653908,0.08608789331219846,11.49759889632311,-11.411511003010911,62.99000961307337
2010-10-14,11.5,11.5,11.05,11.05,10000,-20000.0,-490460,46.95553475367562,38.85771882401762,20.091865648857453,0.047358370770115954,11.40807911705846,-11.360720746288344,60.295460420977655
2010-10-20,11.45,11.45,11.25,11.25,80000,-160000.0,-410460,42.9516368103074,35.544321557867086,19.330772119189316,0.03242879078904437,11.376463293646761,-11.344034502857717,59.93378045437024
2010-10-21,12.2,12.2,11.95,11.95,1100,-2200.0,-409360,49.39651280444287,29.18026853032018,19.787717874330973,0.07620055795323921,11.491170634917431,-11.414970076964192,62.81279289569732
2010-10-28,11.35,11.35,11.35,11.35,1000,,-410360,44.034047497153956,36.868429728685534,19.006959848340184,0.06176474749714522,11.46293650793394,-11.401171760436794,58.75371533554499
2010-10-29,11.35,11.35,11.35,11.35,1000,,-410360,44.034047497153956,36.868429728685534,18.28197025277731,0.04975076891533625,11.440349206347149,-11.390598437431812,60.53724125379854
2010-11-01,11.4,11.4,11.35,11.35,6050,-12100.0,-410360,44.615142801348725,36.485624283048125,17.692113264136292,0.039771148239651666,11.422279365077717,-11.382508216838065,62.293140669354194
2010-11-02,11.4,11.4,11.4,11.4,796,,-409564,44.12178587201735,36.08216405786917,17.14438891754106,0.035487615566809794,11.417823492062174,-11.382335876495365,60.86103313190208
2010-11-04,11.3,11.5,11.3,11.5,8000,16000.0,-401564,42.115620087977526,36.71499171212536,16.409141701848217,0.03970415068600097,11.43425879364974,-11.394554642963739,59.7723866433877
2010-11-05,12.0,12.0,12.0,12.0,1,,-401563,48.42876761663055,32.71067898485403,16.620752872803756,0.08244029560041177,11.547407034919797,-11.464966739319385,61.38041486351781
2010-11-08,11.35,12.6,11.35,12.2,103,74.15999999999988,-401460,37.436163643759706,37.08906557737718,15.46682379055311,0.13093758065799754,11.677925627935842,-11.546988047277845,60.932755536342995
2010-11-09,12.6,12.6,11.45,11.45,5008,-10016.0,-406468,30.562884071025902,30.279513208961227,14.395318214177511,0.10761404311131884,11.63234050234867,-11.524726459237352,55.64918445942612
2010-11-10,12.45,12.45,12.45,12.45,5,,-406463,26.079034586343774,25.83723677382802,13.40034875040017,0.16788477586244355,11.79587240187894,-11.627987626016496,60.03878627128169
2010-11-11,11.4,11.4,11.4,11.4,20,,-406483,22.36827244016466,36.38978899828159,14.147690751029426,0.12943302514478994,11.71669792150315,-11.58726489635836,53.94390466808123
2010-11-12,12.05,12.05,12.05,12.05,5,,-406478,29.09434038042405,33.23695186805678,13.611864155048579,0.14968297999110547,11.78335833720252,-11.633675357211414,55.723291005668635
2010-11-15,11.4,11.4,11.4,11.4,8,,-406486,26.611357569993423,38.93467516117898,13.98251758473653,0.11199148076054932,11.706686669762012,-11.594695189001463,53.37215827489561
2010-11-19,11.35,11.35,11.35,11.35,408,,-406894,26.42454160362806,39.36336346244936,14.388586197041349,0.07719630318730708,11.635349335809607,-11.5581530326223,54.894370738394315
2010-11-23,11.35,12.45,11.35,12.45,11,22.0,-406883,36.916780578919315,33.749945274902835,13.680927680098657,0.13680352435219234,11.798279468647687,-11.661475944295495,58.502758546973865
2010-11-25,11.2,11.3,11.2,11.3,150,300.0,-407033,31.431462701494606,30.518207247411866,12.809017801376159,0.09020854513241261,11.69862357491815,-11.608415029785737,53.588321980184254
2010-12-01,11.5,11.5,11.5,11.5,2,,-407031,33.14316586637289,29.756369325969946,12.27869181576315,0.06862872823993271,11.658898859934519,-11.590270131694586,52.69201717205662
2010-12-02,11.5,11.5,11.5,11.5,3,,-407031,33.14316586637288,29.756369325969946,11.786246257693927,0.05093937150037853,11.627119087947616,-11.576179716447237,54.53482618689557
2010-12-06,11.1,11.1,11.05,11.05,2000,-4000.0,-409031,31.116219401604656,34.052279965323486,11.26618131612987,0.0006025970847058915,11.511695270358091,-11.511092673273385,53.81315827540975
2010-12-07,11.65,11.65,11.15,11.2,13195,-21112.000000000113,-395836,36.00424844948119,31.303356693323696,10.960324870863102,-0.026876205000666786,11.449356216286471,-11.476232421287138,52.709147362725716
2010-12-09,12.2,12.2,12.2,12.2,9,,-395827,38.40828533086738,27.341711701189514,11.379679626607645,0.03167251828771889,11.599484973029178,-11.567812454741459,55.611060119511336
2010-12-13,11.35,12.4,11.35,12.0,3,1.4285714285714277,-395830,33.599925675678264,34.05326825453422,10.614709497687688,0.061228786840580085,11.679587978423342,-11.618359191582762,56.30735383860901
2010-12-14,11.2,11.75,11.2,11.75,3001,6002.0,-398831,30.47002727950013,32.62773906650921,10.100775433473078,0.06374476312135435,11.693670382738674,-11.62992561961732,56.68891486416957
2010-12-21,11.9,11.9,11.4,11.4,300,-600.0,-399131,30.44229601638823,30.702726506042367,9.40971451912766,0.0370694893929695,11.634936306190939,-11.59786681679797,56.487521109189515
2010-12-22,11.7,11.7,11.7,11.7,5,,-399126,29.324374591561565,29.575241386548722,8.768015098664053,0.03967909267431047,11.64794904495275,-11.60826995227844,56.008882507054246
2010-12-28,11.95,11.95,10.75,10.75,509,-1018.0,-399635,25.319143652364183,36.3486206526825,9.419251165073915,-0.034511576276234024,11.4683592359622,-11.502870812238434,52.693452473855146
2010-12-29,11.85,11.85,11.2,11.75,24,33.2307692307693,-399611,22.310906061745428,32.029940348329845,10.023970369597356,-0.012473209278228481,11.52468738876976,-11.537160598047988,55.19322902246058
2010-12-30,11.1,11.4,10.6,11.3,6426,9639.000000000015,-406037,19.678542402799472,34.406637266095444,11.25306499085917,-0.030961799920003585,11.479749911015809,-11.510711710935812,54.765168772921704
2011-01-03,11.75,12.0,11.4,11.4,1006,-2012.0,-405031,24.419206381960322,31.936606677327006,11.402072819340626,-0.037117148762837004,11.463799928812648,-11.500917077575485,53.34992346475258
2011-01-04,11.4,11.4,11.4,11.4,50,,-405031,24.419206381960322,31.936606677327006,11.54043723150198,-0.041516727519921304,11.45103994305012,-11.49255667057004,55.18889945287596
2011-01-05,11.45,11.45,11.4,11.4,2050,-4100.0,-405031,24.866031687585537,31.747800985349954,11.584379732244411,-0.044490565362254486,11.440831954440096,-11.48532251980235,57.013792885419846
2011-01-06,11.35,12.4,11.35,12.4,508,1016.0,-404523,32.60357984773833,28.00371403847069,11.299040047305567,0.03345831475603411,11.632665563552077,-11.599207248796043,59.295170036811314
2011-01-07,11.4,11.4,11.4,11.4,1571,,-406094,29.0855108216499,24.981990674524944,11.034081768433783,0.01437626472174891,11.586132450841664,-11.571756186119915,55.804054879469014
2011-01-10,11.75,11.75,11.0,11.0,3400,-6800.0,-409494,26.75382072710391,27.254824913193925,10.312192857187293,-0.03264662507302951,11.468905960673332,-11.501552585746362,55.6411687235124
2011-01-11,11.4,11.4,11.1,11.2,51,-34.0000000000004,-409443,25.57617894635299,26.05513007811896,9.641867439601267,-0.05316150696127764,11.415124768538668,-11.468286275499946,54.617983458321554
2011-01-12,10.85,10.85,10.85,10.85,100,,-409543,24.557574428557682,27.862186262877238,9.403457891556986,-0.09654874474365549,11.302099814830935,-11.39864855957459,54.70691832195775
2011-01-13,11.2,11.2,11.2,11.2,1586,,-407957,27.66021750740388,26.716326771811744,8.855771021384939,-0.10152116274264067,11.28167985186475,-11.38320101460739,54.33077891227515
2011-01-17,11.15,11.75,11.15,11.75,8140,16280.0,-399817,32.176965419224196,24.831033731139655,9.143629599340883,-0.06038544990719252,11.375343881491801,-11.435729331398994,54.78554321687813
2011-01-18,11.2,12.6,11.2,11.25,37001,-68716.14285714278,-436818,36.47511347261257,21.091107971060882,10.399371394814796,-0.06735441913751572,11.350275105193441,-11.417629524330957,54.15277292417867
2011-01-21,11.15,11.25,11.15,11.25,7009,14018.0,-436818,36.057361249151796,21.42220369011722,11.475237491627215,-0.07204686565795093,11.330220084154755,-11.402266949812706,55.986210425974654
2011-01-27,11.1,11.1,11.0,11.0,2000,-4000.0,-438818,34.978783366864754,22.57617492943506,12.194803184805115,-0.09484522093076642,11.264176067323804,-11.35902128825457,56.4927246225128
2011-01-28,11.2,11.2,11.2,11.2,2000,,-436818,35.356170342700885,22.0089802347142,12.985679431654201,-0.09567193275209895,11.251340853859043,-11.347012786611142,55.504416908056285
2011-01-31,11.2,11.2,11.0,11.0,2000,-4000.0,-438818,34.42476762833339,24.06353101896431,13.323492257464405,-0.11118375422093685,11.201072683087235,-11.312256437308172,56.2485799973459
2011-02-01,10.85,11.5,10.8,11.5,6001,12002.0,-432817,35.186427183294235,21.889977562273753,14.035805525377404,-0.08218385557619712,11.260858146469788,-11.343042002045985,56.54519997700729
2011-02-02,11.0,11.6,11.0,11.35,20540,6846.666666666647,-453357,33.76113330572226,20.20530939544273,14.827461369322107,-0.07049236553935323,11.278686517175831,-11.349178882715185,57.525064278234524
2011-02-08,11.4,11.4,11.3,11.3,1000,-2000.0,-454357,33.30112947334476,19.93000703304539,15.56257036727076,-0.06451763354282214,11.282949213740666,-11.347466847283489,59.035781488971935
2011-02-09,11.2,11.3,11.15,11.15,3500,-7000.0,-457857,32.583956050753095,21.654395118709736,15.890314127858256,-0.07106713044124824,11.256359370992534,-11.327426501433782,59.91277416443956
2011-02-14,11.2,11.2,11.2,11.2,3,,-457854,32.33398604605785,21.4882719738999,16.19464761983236,-0.07140002079159657,11.24508749679403,-11.316487517585626,58.33585623846231
2011-02-18,11.0,11.0,11.0,11.0,7772,,-465626,31.29963482287624,23.99983061075406,15.980779710218806,-0.0868015572805021,11.196069997435226,-11.282871554715728,58.877274450911074
2011-02-21,11.05,11.1,11.05,11.1,575,1150.0,-465051,32.4629715041357,23.59342981184243,15.969476258515716,-0.08990189548457117,11.176855997948183,-11.266757893432754,57.53199117219523
2011-03-10,11.1,11.35,11.05,11.35,684,1368.0,-464367,35.101639955466055,22.369628040740157,16.411206478119713,-0.07136340877102398,11.211484798358548,-11.282848207129572,56.91582364142421
2011-03-16,11.1,11.1,11.1,11.1,5000,,-469367,33.540324374835066,21.374630404241156,16.821384539180567,-0.07596869984302579,11.18918783868684,-11.265156538529865,57.1210525632326
2011-03-17,11.1,11.35,11.1,11.35,1325,2650.0,-468042,36.5783104383285,20.397559290523297,17.64837887374533,-0.058768087787830936,11.221350270949474,-11.280118358737305,56.53333081019553
2011-03-18,11.35,11.35,11.35,11.35,2000,,-468042,36.5783104383285,20.397559290523297,18.41630218441261,-0.04462210302725467,11.24708021675958,-11.291702319786834,58.3447979763262
2011-03-21,11.0,11.4,11.0,11.4,3004,6008.0,-465038,33.71820917439272,25.6443783258073,18.07234304276731,-0.029041951016207435,11.277664173407665,-11.306706124423872,56.790691015519904
2011-03-22,11.35,11.35,11.35,11.35,3103,,-468141,33.36699697974503,25.377263950141632,17.752952411239537,-0.020492918607766697,11.292131338726133,-11.3126242573339,58.24345332821555
2011-03-31,11.75,11.75,11.75,11.75,2,,-468139,38.85414619458884,23.287476192615898,18.274192348774548,0.01834739402081098,11.383705070980907,-11.365357676960096,58.53273444948947
2011-04-06,11.4,11.65,11.4,11.65,1500,3000.0,-469639,36.056255506576505,28.81155218027708,17.766636533428528,0.04059154694584599,11.436964056784726,-11.39637250983888,59.57887766546549
2011-04-08,11.6,11.65,11.6,11.65,3201,6402.0,-469639,35.661183940641685,28.495861466503463,17.29533470489294,0.05755672021948399,11.479571245427781,-11.422014525208297,61.35019460943364
2011-04-13,11.5,11.5,11.5,11.5,3500,,-473139,34.441945181086865,29.800902972161836,16.575969093542085,0.05822679847763368,11.483656996342226,-11.425430197864593,61.88521941812646
2011-04-15,11.5,11.6,11.4,11.6,10000,20000.0,-463139,32.83022274281938,30.746126528535946,15.626121290901974,0.06606544017994231,11.506925597073783,-11.44086015689384,60.64748671281802
2011-04-18,11.5,11.65,11.5,11.65,10000,20000.0,-453139,32.848545882688555,29.626361635013065,14.878367302566017,0.07544254611971724,11.535540477659028,-11.46009793153931,59.14665960548577
2011-04-19,11.5,11.5,11.5,11.5,6500,,-459639,31.608809738424977,28.5082338654272,14.184024313396916,0.06996372931910244,11.528432382127225,-11.458468652808122,59.66453310436322
2011-04-27,11.1,11.4,11.1,11.4,700,1400.0,-460339,28.51791445733537,35.49911914110681,13.949824711848752,0.0568966960065147,11.502745905701781,-11.445849209695266,60.5746004613409
2011-05-03,11.3,11.3,11.3,11.3,998,,-461337,27.786383242232265,34.588508591403574,13.732353653268316,0.03803339072801215,11.462196724561426,-11.424163333833414,61.44487905426977
2011-05-05,11.25,11.5,11.2,11.25,100000,-133333.33333333256,-561337,30.761967997148265,31.941381827014258,12.885824270835771,0.018832415976421046,11.419757379649143,-11.400924963672722,62.727026006052164
2011-05-09,11.35,11.4,11.35,11.4,5600,11200.0,-555737,29.544455087396926,30.677189473219084,12.099761272862695,0.015540111924600808,11.415805903719315,-11.400265791794714,61.84711354451839
2011-05-10,11.4,11.5,11.4,11.5,55500,111000.0,-500237,31.491157264616497,29.829571991691235,11.429039986404721,0.020760782328338223,11.432644722975454,-11.411883940647115,60.693891344770805
2011-05-19,11.25,11.25,11.0,11.0,10750,-21500.0,-510987,27.412741515850875,36.32713770488607,11.611650479186737,-0.015271570587664485,11.346115778380364,-11.361387348968028,57.894599613342415
2011-05-20,11.05,11.05,10.95,11.05,8850,17700.0,-502137,26.668829608871242,36.69818432413598,11.912775890440097,-0.03933940822722626,11.286892622704293,-11.32623203093152,56.409783968832315
2011-05-23,10.9,10.9,10.65,10.65,7000,-14000.0,-509137,23.87754922909763,40.707025663396706,12.923152127752592,-0.0896564900165231,11.159514098163436,-11.24917058817996,54.80707679698633
2011-05-24,10.75,10.75,10.25,10.25,3000,-6000.0,-512137,20.92879589307437,45.559503949406896,14.64615387161785,-0.15996580525883886,10.97761127853075,-11.137577083789589,53.398299047622444
2011-05-25,10.45,10.45,10.35,10.35,5000,-10000.0,-507137,19.871667627088136,43.25826121880303,16.246084062349876,-0.2052512720474784,10.852089022824602,-11.05734029487208,52.25955385514978
2011-05-27,10.75,10.75,10.75,10.75,3500,,-503637,25.280739839070343,39.01385460199291,16.6113403743376,-0.20648346525725536,10.831671218259682,-11.038154683516938,53.25172000321936
2011-06-02,10.45,10.45,10.45,10.45,7772,,-511409,23.42438074712809,43.49205366629158,17.566898527988666,-0.22902739162889318,10.755336974607747,-10.98436436623664,52.74486243946281
2011-06-08,11.4,11.4,10.95,10.95,100,-200.0,-511309,38.75980538636581,34.78211285337308,16.698458767593323,-0.20419397809843787,10.7942695796862,-10.998463557784637,54.26826324033458
2011-06-13,10.8,10.8,10.8,10.8,400,,-511709,37.48337733297442,36.929851726338384,15.558844124610479,-0.19437641368682534,10.795415663748962,-10.989792077435787,54.93051029816037
2011-06-15,10.3,10.3,10.3,10.3,500,,-512209,33.520679192412885,43.597552906752455,15.380839913477924,-0.22435550961592732,10.69633253099917,-10.920688040615097,52.95303363366496
2011-06-21,11.0,11.05,11.0,11.05,18,36.0,-512191,43.21775475540324,37.238150317158016,14.813076427189776,-0.18545759318735122,10.767066024799337,-10.952523617986689,55.729926050770715
2011-07-08,10.5,11.0,10.4,11.0,10001,20002.0,-522192,38.03905532355205,43.837026344678385,14.260813665936537,-0.15685714443123722,10.81365281983947,-10.970509964270708,57.17730191602076
2011-07-11,10.7,10.7,10.7,10.7,500,,-522692,35.900820209917796,41.37287816302084,13.747998244772816,-0.15659346159090326,10.790922255871576,-10.94751571746248,56.70994162974644
2011-07-12,10.75,10.75,10.75,10.75,500,,-522192,36.541073601323575,40.95962598658362,13.173234545225409,-0.1506137278915265,10.782737804697263,-10.93335153258879,55.18216816851666
2011-07-13,10.75,11.05,10.75,11.0,402,535.9999999999968,-521790,40.38845904447583,38.47632729684989,12.405472773648075,-0.12426933703569709,10.82619024375781,-10.950459580793508,54.90300382661493
2011-07-15,11.1,11.15,11.1,11.1,20,-40.0,-521770,41.21921222064559,37.25994558738304,11.879724092365736,-0.09423576253516863,10.88095219500625,-10.975187957541419,53.70662382081761
2011-07-19,11.05,11.1,11.05,11.1,20,40.0,-521770,40.756683678095854,37.9639635528798,11.284574770930108,-0.06963127240700118,10.924761756005001,-10.994393028412002,55.54325584735931
2011-07-20,11.0,11.05,11.0,11.05,20,40.0,-521790,39.7948923346464,38.24799440670769,10.620113190626912,-0.05354933522497696,10.949809404804002,-11.003358740028979,56.947361773450645
2011-07-21,11.0,11.0,11.0,11.0,4000,,-525790,39.295570779716996,37.768082364742924,10.003113151773944,-0.04432788184211489,10.959847523843203,-11.004175405685318,58.31626761086626
2011-07-22,10.9,10.9,10.85,10.85,2000,-4000.0,-527790,37.76467823850038,40.19253826761013,9.511058591166796,-0.04856374677332376,10.937878019074564,-10.986441765847887,58.751916777893854
2011-07-25,10.9,10.9,10.9,10.9,500,,-527290,37.243820927880286,39.6381954699077,9.05415078488873,-0.047340407540144014,10.930302415259652,-10.977642822799796,57.279912122146555
2011-08-05,10.6,10.6,10.6,10.6,25,,-527315,34.196291424921846,44.57738741032326,9.348738699177899,-0.06977408199538893,10.864241932207722,-10.934016014203111,56.36979156406588
2011-08-08,10.75,10.8,10.75,10.8,2400,4800.0,-524915,37.84757204445414,42.10390142837453,9.061231717271772,-0.07060076107198476,10.851393545766179,-10.921994306838164,55.9445774761792
2011-08-09,10.65,10.75,10.65,10.7,3,-1.0658141036401541e-13,-524918,36.22412297725573,43.1575066178192,9.037875309631804,-0.07842108472216403,10.821114836612944,-10.899535921335108,56.85498603362902
2011-08-12,11.05,11.05,11.05,11.05,1000,,-523918,41.03944289118576,38.95834481355103,8.578130254414264,-0.05573420433074716,10.866891869290358,-10.922626073621105,57.46591485999441
2011-08-23,11.05,11.05,11.05,11.05,3000,,-523918,41.03944289118575,38.95834481355103,8.151224131712262,-0.0373244353176414,10.903513495432287,-10.940837930749929,59.266520008563035
2011-08-24,10.75,10.75,10.75,10.75,200,,-524118,37.42006918637411,44.341764911767406,8.173685307838804,-0.046407100690645464,10.872810796345831,-10.919217897036477,58.17209733080737
2011-08-26,10.7,10.7,10.55,10.65,3998,2665.3333333333967,-528116,35.19180376027257,47.65606452749607,8.664476169172714,-0.06097150097707882,10.828248637076666,-10.889220138053744,59.010180272049304
2011-08-29,10.75,10.8,10.75,10.8,7010,14020.0,-521106,36.636149274925764,45.46918214929428,8.81402587995083,-0.05972171229772272,10.822598909661332,-10.882320621959055,58.2461134337589
2011-09-02,10.75,10.75,10.75,10.75,1379,,-522485,36.04242516649163,44.73231022997127,8.95289346853051,-0.062050547716751225,10.808079127729068,-10.870129675445819,59.53965601959324
2011-09-07,10.7,10.7,10.7,10.7,10000,,-532485,35.42418192553553,45.68032844699582,9.216657741484171,-0.06715660902594145,10.786463302183254,-10.853619911209195,60.79333122780546
2011-09-09,10.7,10.7,10.7,10.7,5000,,-532485,35.42418192553553,45.68032844699582,9.46158170922686,-0.0703917669254821,10.769170641746605,-10.839562408672087,62.5448859615844
2011-10-17,10.9,10.9,10.9,10.9,2000,,-530485,40.18401770046655,42.3132652329939,8.970110951621738,-0.05616983374182816,10.795336513397285,-10.851506347139113,62.170745538413705
2011-10-18,11.0,11.0,11.0,11.0,3443,,-527042,42.46746124434032,40.697978672411054,8.481364865017229,-0.03640997358667697,10.836269210717829,-10.872679184304506,61.127341032778716
2011-10-19,10.85,10.85,10.85,10.85,6000,,-533042,40.00075640606792,44.14251193721957,8.22714352109843,-0.03247948498302833,10.839015368574264,-10.871494853557293,61.16956746838659
2011-10-20,10.9,10.9,10.9,10.9,150,,-532892,41.22624079843861,43.240901247171294,7.809857627772243,-0.025041301830858842,10.851212294859412,-10.87625359669027,59.77533952697527
2011-10-25,10.9,10.9,10.9,10.9,4400,,-532892,41.22624079843861,43.2409012471713,7.4223778696836415,-0.018928294497424503,10.86096983588753,-10.879898130384955,61.54360423014954
2011-11-15,10.95,10.95,10.95,10.95,3000,,-529892,42.58626665095965,42.24030600906885,6.921339782859659,-0.009934590287326017,10.878775868710026,-10.888710458997352,60.176579715539084
2011-11-16,10.95,10.95,10.95,10.95,4500,,-529892,42.58626665095965,42.24030600906885,6.456090130808818,-0.0027750261316565883,10.893020694968023,-10.89579572109968,61.93843715451547
2011-11-17,10.9,10.9,10.85,10.9,12000,24000.0,-541892,40.416932723825994,45.1825705851669,6.392609853937663,-0.0011226607142393874,10.894416555974418,-10.895539216688658,63.004460130303045
2011-11-18,11.0,11.0,11.0,11.0,2000,,-539892,43.515566835715184,42.832838339441714,5.992471091190938,0.008161929331018669,10.915533244779535,-10.907371315448517,62.09023909168663
2011-11-21,10.95,10.95,10.95,10.95,2000,,-541892,42.33020085796249,44.3900743679403,5.734102288660177,0.011354563396967166,10.92242659582363,-10.911072032426663,63.12399448428363
2011-11-22,11.0,11.0,11.0,11.0,1999,,-539893,43.97375498981958,43.124984299546234,5.39413016157973,0.01771512209481152,10.937941276658906,-10.920226154564094,61.817837155634415
2011-11-28,10.95,10.95,10.95,10.95,5000,,-544893,42.664316654943704,44.818592813808515,5.1847287839203835,0.01850798011153465,10.940353021327125,-10.92184504121559,62.823490939800735
2011-11-30,10.9,10.9,10.9,10.9,3000,,-547893,41.338655502739435,46.53318368426191,5.2366397462086995,0.014929644054168634,10.932282417061701,-10.917352773007533,63.78705941808032
2011-12-01,10.9,10.9,10.9,10.9,500,,-547893,41.33865550273944,46.53318368426191,5.284842782619277,0.011955966014360442,10.925825933649362,-10.913869967635002,65.48081136905421
2011-12-07,10.9,10.9,10.9,10.9,100,,-547893,41.338655502739435,46.53318368426191,5.329602745000528,0.009489910957418246,10.92066074691949,-10.911170835962071,67.13615830658422
2011-12-09,10.9,10.9,10.9,10.9,100,,-547893,41.33865550273944,46.5331836842619,5.371165567211689,0.007449669406209836,10.916528597535592,-10.909078928129382,68.75000785996346
2011-12-14,10.9,10.9,10.9,10.9,200,,-547893,41.33865550273944,46.5331836842619,5.409759616407766,0.005766293040982973,10.913222878028474,-10.907456584987491,70.31964233880475
